main,1,2,3,4,5,6,7,8,9,10,11,12,13,14,15,16,17,18,19,20,21,22,23,24,25,26,27,28,29,30,31,32,33,34,35,36,37,38,39,40,41,42,43
sede,intestino,imunidade,equino,desidratação,ataque,lagoa,calor,bebedouro,estresse,seca,líquido,antibiótico,novilho,dieta,temperatura,bovino,seco,ordenha,planta,doença,rebanho,água,animais,bezerro,vaca,animal,,,,,,,,,,,,,,,,,
máximo,teor,população,medida,proteína,alimento,água,animais,grande,,,,,,,,,,,,,,,,,,,,,,,,,,,,,,,,,,,
zebuínas,puro,genético,mestiço,guzerá,cruzamento,gir,animal,vaca,raça,,,,,,,,,,,,,,,,,,,,,,,,,,,,,,,,,,
bezerra,volumoso,ração,mestiço,holandês,desaleitamento,pastagem,instalação,imunoglobulina,cuidado,alimento,teto,pé,proteína,novilho,mãe,grande,lactação,desmamar,raça,animal,abrigo,doença,mamar,vaca,,,,,,,,,,,,,,,,,,,
decumbens,brachiaria,,,,,,,,,,,,,,,,,,,,,,,,,,,,,,,,,,,,,,,,,,
espécies,vegetal,superpastejo,proteína,plantio,organismo,doméstico,cromossomo,arbóreo,panicum,inseto,cultura,mosca,leguminoso,cigarra,tropical,braquiária,brachiaria,animais,pastejo,forrageiro,gramínea,planta,forragem,solo,animal,,,,,,,,,,,,,,,,,,
brizantha,brachiaria,,,,,,,,,,,,,,,,,,,,,,,,,,,,,,,,,,,,,,,,,,
concentração,salinidade,magnésio,forrageira,silagem,forragem,alto,solo,proteína,nutriente,alimento,ração,mineral,volumoso,,,,,,,,,,,,,,,,,,,,,,,,,,,,,,
leguminosa,árvore,tropical,planta,forragem,forrageira,arbusto,semente,espécie,solo,nitrogênio,pastagem,gramínea,,,,,,,,,,,,,,,,,,,,,,,,,,,,,,,
minerais,óxido,suplemento,potássio,alimento,concentrado,parto,volumoso,magnésio,lactação,balancear,água,fósforo,vitamina,animal,dieta,vaca,,,,,,,,,,,,,,,,,,,,,,,,,,,
novilha,rebanho,gestação,pequeno,bezerro,animal,parto,grande,vaca,,,,,,,,,,,,,,,,,,,,,,,,,,,,,,,,,,,
animais,mestiço,pastagem,vaca,árvore,procedimento,piquete,parasita,medicamento,larva,eficiente,doméstico,consumir,concentrado,cerca,bebedouro,bactéria,embrião,doador,concentração,calor,ar,nutriente,morte,fêmea,capim,acasalamento,resíduo,proteína,parto,organismo,novilho,infecção,filho,tratamento,bovino,bezerro,adulto,mineral,temperatura,forragem,água,pasto,cruzamento
cobre,solo,mineral,vaca,,,,,,,,,,,,,,,,,,,,,,,,,,,,,,,,,,,,,,,,
inseminador,artificial,vaca,,,,,,,,,,,,,,,,,,,,,,,,,,,,,,,,,,,,,,,,,
mamadeira,leite,ordenha,vaca,mamar,bezerro,,,,,,,,,,,,,,,,,,,,,,,,,,,,,,,,,,,,,,
parte,vaca,,,,,,,,,,,,,,,,,,,,,,,,,,,,,,,,,,,,,,,,,,
mamária,tecido,pequeno,mãe,grande,antibiótico,medicamento,infecção,lactação,quarto,ordenha,glândula,vaca,mamar,,,,,,,,,,,,,,,,,,,,,,,,,,,,,,
sementes,semear,plântula,planta,leguminoso,invasor,aveia,bom,braquiária,semeadura,forrageira,pequeno,germinação,plantio,pastagem,solo,,,,,,,,,,,,,,,,,,,,,,,,,,,,
seca,instalação,forragem,esterco,água,pastagem,chuva,dieta,,,,,,,,,,,,,,,,,,,,,,,,,,,,,,,,,,,,
bovina,ovino,equino,rebanho,leiteiro,doença,animal,,,,,,,,,,,,,,,,,,,,,,,,,,,,,,,,,,,,,
desmama,precoce,vaca,bezerro,,,,,,,,,,,,,,,,,,,,,,,,,,,,,,,,,,,,,,,,
concentrado,tamponante,novilho,forragem,desmame,comer,suplementar,silagem,forrageira,cocho,nutriente,proteína,alimento,ração,,,,,,,,,,,,,,,,,,,,,,,,,,,,,,
monta,animal,vaca,,,,,,,,,,,,,,,,,,,,,,,,,,,,,,,,,,,,,,,,,
ordenhador,mão,lavar,cuidado,manual,bezerro,teto,,,,,,,,,,,,,,,,,,,,,,,,,,,,,,,,,,,,,
nutrientes,planta,concentrar,bom,animal,mineral,vaca,,,,,,,,,,,,,,,,,,,,,,,,,,,,,,,,,,,,,
parasitária,agente,tristeza,bovino,,,,,,,,,,,,,,,,,,,,,,,,,,,,,,,,,,,,,,,,
obesa,vaca,,,,,,,,,,,,,,,,,,,,,,,,,,,,,,,,,,,,,,,,,,
colhedeira,plantio,colher,,,,,,,,,,,,,,,,,,,,,,,,,,,,,,,,,,,,,,,,,
fêmea,macho,filho,bezerro,novilho,embrião,vaca,,,,,,,,,,,,,,,,,,,,,,,,,,,,,,,,,,,,,
alta,febre,concentração,raça,grande,pequeno,,,,,,,,,,,,,,,,,,,,,,,,,,,,,,,,,,,,,,
perda,lactação,gordura,animais,proteína,corporal,,,,,,,,,,,,,,,,,,,,,,,,,,,,,,,,,,,,,,
salobra,água,,,,,,,,,,,,,,,,,,,,,,,,,,,,,,,,,,,,,,,,,,
obeso,vaca,,,,,,,,,,,,,,,,,,,,,,,,,,,,,,,,,,,,,,,,,,
mocha,chifre,,,,,,,,,,,,,,,,,,,,,,,,,,,,,,,,,,,,,,,,,,
aveia,vaca,cultura,semente,plantio,,,,,,,,,,,,,,,,,,,,,,,,,,,,,,,,,,,,,,,
humidicola,brachiaria,,,,,,,,,,,,,,,,,,,,,,,,,,,,,,,,,,,,,,,,,,
aminoácido,microbiano,proteína,,,,,,,,,,,,,,,,,,,,,,,,,,,,,,,,,,,,,,,,,
parto,natalidade,dieta,gestação,,,,,,,,,,,,,,,,,,,,,,,,,,,,,,,,,,,,,,,,
instalações,vaca,tratamento,seco,doença,animais,grande,bezerro,bom,,,,,,,,,,,,,,,,,,,,,,,,,,,,,,,,,,,
tratamento,líquido,resíduo,antibiótico,sistema,parto,infecção,sintoma,quarto,pastagem,,,,,,,,,,,,,,,,,,,,,,,,,,,,,,,,,,
microbiana,contaminação,população,,,,,,,,,,,,,,,,,,,,,,,,,,,,,,,,,,,,,,,,,
distúrbio,vaca,,,,,,,,,,,,,,,,,,,,,,,,,,,,,,,,,,,,,,,,,,
ordenha,leite,teto,animal,utensílio,limpo,lactação,infecção,cuidado,lavar,,,,,,,,,,,,,,,,,,,,,,,,,,,,,,,,,,
fibra,dieta,proteína,vaca,,,,,,,,,,,,,,,,,,,,,,,,,,,,,,,,,,,,,,,,
espécie,braquiária,animal,inseto,brachiaria,,,,,,,,,,,,,,,,,,,,,,,,,,,,,,,,,,,,,,,
cruza,vaca,raça,,,,,,,,,,,,,,,,,,,,,,,,,,,,,,,,,,,,,,,,,
gramínea,tropical,leguminoso,fósforo,brachiaria,,,,,,,,,,,,,,,,,,,,,,,,,,,,,,,,,,,,,,,
diluição,água,,,,,,,,,,,,,,,,,,,,,,,,,,,,,,,,,,,,,,,,,,
rebanho,mestiço,pastagem,grande,macho,cruzamento,acasalamento,puro,pequeno,bezerro,,,,,,,,,,,,,,,,,,,,,,,,,,,,,,,,,,
mutica,brachiaria,,,,,,,,,,,,,,,,,,,,,,,,,,,,,,,,,,,,,,,,,,
desinfetantes,teto,,,,,,,,,,,,,,,,,,,,,,,,,,,,,,,,,,,,,,,,,,
magra,parto,corporal,gordo,,,,,,,,,,,,,,,,,,,,,,,,,,,,,,,,,,,,,,,,
desmame,vaca,precoce,,,,,,,,,,,,,,,,,,,,,,,,,,,,,,,,,,,,,,,,,
pele,seco,genético,vaca,,,,,,,,,,,,,,,,,,,,,,,,,,,,,,,,,,,,,,,,
homeopático,medicamento,,,,,,,,,,,,,,,,,,,,,,,,,,,,,,,,,,,,,,,,,,
bernes,espécie,mosca,,,,,,,,,,,,,,,,,,,,,,,,,,,,,,,,,,,,,,,,,
gênero,doença,bactéria,brachiaria,,,,,,,,,,,,,,,,,,,,,,,,,,,,,,,,,,,,,,,,
irrigação,água,seca,plantio,gramínea,pastagem,,,,,,,,,,,,,,,,,,,,,,,,,,,,,,,,,,,,,,
pelagem,raça,animal,pequeno,grande,vaca,bom,,,,,,,,,,,,,,,,,,,,,,,,,,,,,,,,,,,,,
estimular,vaca,bezerro,,,,,,,,,,,,,,,,,,,,,,,,,,,,,,,,,,,,,,,,,
medo,animal,vaca,,,,,,,,,,,,,,,,,,,,,,,,,,,,,,,,,,,,,,,,,
sofrimento,vaca,animal,,,,,,,,,,,,,,,,,,,,,,,,,,,,,,,,,,,,,,,,,
trator,pastejo,parto,esterco,pastagem,,,,,,,,,,,,,,,,,,,,,,,,,,,,,,,,,,,,,,,
lagoa,grande,líquido,,,,,,,,,,,,,,,,,,,,,,,,,,,,,,,,,,,,,,,,,
isolamento,animal,doença,,,,,,,,,,,,,,,,,,,,,,,,,,,,,,,,,,,,,,,,,
levedura,bezerro,vaca,animal,,,,,,,,,,,,,,,,,,,,,,,,,,,,,,,,,,,,,,,,
contaminação,teto,pastagem,orgânico,humano,doença,animal,bactéria,,,,,,,,,,,,,,,,,,,,,,,,,,,,,,,,,,,,
medir,vaca,,,,,,,,,,,,,,,,,,,,,,,,,,,,,,,,,,,,,,,,,,
zebuínos,vaca,raça,,,,,,,,,,,,,,,,,,,,,,,,,,,,,,,,,,,,,,,,,
forragem,mineral,,,,,,,,,,,,,,,,,,,,,,,,,,,,,,,,,,,,,,,,,,
desmamar,precoce,vaca,,,,,,,,,,,,,,,,,,,,,,,,,,,,,,,,,,,,,,,,,
reação,gel,,,,,,,,,,,,,,,,,,,,,,,,,,,,,,,,,,,,,,,,,,
procedimento,vaca,,,,,,,,,,,,,,,,,,,,,,,,,,,,,,,,,,,,,,,,,,
suplemento,volumoso,vaca,pasto,,,,,,,,,,,,,,,,,,,,,,,,,,,,,,,,,,,,,,,,
aptidão,holandês,gir,,,,,,,,,,,,,,,,,,,,,,,,,,,,,,,,,,,,,,,,,
estimulante,vaca,bezerro,,,,,,,,,,,,,,,,,,,,,,,,,,,,,,,,,,,,,,,,,
capineira,solo,,,,,,,,,,,,,,,,,,,,,,,,,,,,,,,,,,,,,,,,,,
peladeira,genético,vaca,,,,,,,,,,,,,,,,,,,,,,,,,,,,,,,,,,,,,,,,,
zebuíno,vaca,raça,,,,,,,,,,,,,,,,,,,,,,,,,,,,,,,,,,,,,,,,,
rasteira,planta,pastejo,,,,,,,,,,,,,,,,,,,,,,,,,,,,,,,,,,,,,,,,,
demora,parto,,,,,,,,,,,,,,,,,,,,,,,,,,,,,,,,,,,,,,,,,,
conservante,silo,silagem,,,,,,,,,,,,,,,,,,,,,,,,,,,,,,,,,,,,,,,,,
cova,plantio,,,,,,,,,,,,,,,,,,,,,,,,,,,,,,,,,,,,,,,,,,
verão,plantio,inverno,,,,,,,,,,,,,,,,,,,,,,,,,,,,,,,,,,,,,,,,,
mamário,quarto,pequeno,mãe,grande,antibiótico,medicamento,infecção,,,,,,,,,,,,,,,,,,,,,,,,,,,,,,,,,,,,
leguminoso,pastagem,nitrogênio,espécie,árvore,tropical,forragem,semente,,,,,,,,,,,,,,,,,,,,,,,,,,,,,,,,,,,,
emagrecimento,vaca,,,,,,,,,,,,,,,,,,,,,,,,,,,,,,,,,,,,,,,,,,
térmico,temperatura,instalação,,,,,,,,,,,,,,,,,,,,,,,,,,,,,,,,,,,,,,,,,
semear,semente,,,,,,,,,,,,,,,,,,,,,,,,,,,,,,,,,,,,,,,,,,
térmica,temperatura,instalação,,,,,,,,,,,,,,,,,,,,,,,,,,,,,,,,,,,,,,,,,
variação,proteína,lactação,concentração,teor,,,,,,,,,,,,,,,,,,,,,,,,,,,,,,,,,,,,,,,
sugador,inseto,,,,,,,,,,,,,,,,,,,,,,,,,,,,,,,,,,,,,,,,,,
cupim,pastagem,,,,,,,,,,,,,,,,,,,,,,,,,,,,,,,,,,,,,,,,,,
treinamento,vaca,,,,,,,,,,,,,,,,,,,,,,,,,,,,,,,,,,,,,,,,,,
infectocontagiosa,infectar,,,,,,,,,,,,,,,,,,,,,,,,,,,,,,,,,,,,,,,,,,
núcleo,embrião,,,,,,,,,,,,,,,,,,,,,,,,,,,,,,,,,,,,,,,,,,
alumínio,pastagem,,,,,,,,,,,,,,,,,,,,,,,,,,,,,,,,,,,,,,,,,,
corporal,fisiológico,magro,,,,,,,,,,,,,,,,,,,,,,,,,,,,,,,,,,,,,,,,,
químico,pastagem,,,,,,,,,,,,,,,,,,,,,,,,,,,,,,,,,,,,,,,,,,
digestão,bactéria,alimento,sistema,,,,,,,,,,,,,,,,,,,,,,,,,,,,,,,,,,,,,,,,
fêmeo,vaca,,,,,,,,,,,,,,,,,,,,,,,,,,,,,,,,,,,,,,,,,,
teor,água,fósforo,volumoso,açúcar,,,,,,,,,,,,,,,,,,,,,,,,,,,,,,,,,,,,,,,
cigarra,ataque,planta,pastagem,inseto,brachiaria,,,,,,,,,,,,,,,,,,,,,,,,,,,,,,,,,,,,,,
germinação,plântula,semeadura,forrageira,plantio,,,,,,,,,,,,,,,,,,,,,,,,,,,,,,,,,,,,,,,
solo,veranico,calagem,fértil,cultura,vento,tropical,seco,rotativo,ovo,árvore,,,,,,,,,,,,,,,,,,,,,,,,,,,,,,,,,
material,esterco,compactação,silo,,,,,,,,,,,,,,,,,,,,,,,,,,,,,,,,,,,,,,,,
adubar,brachiaria,gramínea,,,,,,,,,,,,,,,,,,,,,,,,,,,,,,,,,,,,,,,,,
pelar,genético,,,,,,,,,,,,,,,,,,,,,,,,,,,,,,,,,,,,,,,,,,
descendente,raça,genético,bezerro,,,,,,,,,,,,,,,,,,,,,,,,,,,,,,,,,,,,,,,,
adubo,orgânico,brachiaria,solo,pastagem,gramínea,animal,,,,,,,,,,,,,,,,,,,,,,,,,,,,,,,,,,,,,
animal,sangue,homeopático,água,berne,biomedicina,doente,bebedouro,pastejo,adulto,volumoso,vitamina,sol,metabólico,gene,exame,medicamento,,,,,,,,,,,,,,,,,,,,,,,,,,,
temperatura,bulbo,termômetro,tropical,alta,bezerro,,,,,,,,,,,,,,,,,,,,,,,,,,,,,,,,,,,,,,
planta,samambaia,solo,semente,nutritivo,natural,fósforo,cultura,capim,brachiaria,gramínea,,,,,,,,,,,,,,,,,,,,,,,,,,,,,,,,,
criopreservação,embrião,,,,,,,,,,,,,,,,,,,,,,,,,,,,,,,,,,,,,,,,,,
colheita,plantio,,,,,,,,,,,,,,,,,,,,,,,,,,,,,,,,,,,,,,,,,,
fertirrigação,tanque,sistema,,,,,,,,,,,,,,,,,,,,,,,,,,,,,,,,,,,,,,,,,
sobreordenha,teto,,,,,,,,,,,,,,,,,,,,,,,,,,,,,,,,,,,,,,,,,,
vedação,silo,,,,,,,,,,,,,,,,,,,,,,,,,,,,,,,,,,,,,,,,,,
glândula,mamário,vaca,medicamento,lactação,inflamação,imunológico,célula,,,,,,,,,,,,,,,,,,,,,,,,,,,,,,,,,,,,
partícula,teto,gordura,,,,,,,,,,,,,,,,,,,,,,,,,,,,,,,,,,,,,,,,,
reprodutivo,parto,,,,,,,,,,,,,,,,,,,,,,,,,,,,,,,,,,,,,,,,,,
emagreceu,vaca,,,,,,,,,,,,,,,,,,,,,,,,,,,,,,,,,,,,,,,,,,
recomendação,volumoso,silo,silagem,semente,procedimento,pasto,nutriente,médico,medida,concentração,bebedouro,antibiótico,animais,fabricante,,,,,,,,,,,,,,,,,,,,,,,,,,,,,
pasto,sistema,solo,seco,samambaia,novilho,gramínea,bezerro,,,,,,,,,,,,,,,,,,,,,,,,,,,,,,,,,,,,
tóxico,solo,samambaia,,,,,,,,,,,,,,,,,,,,,,,,,,,,,,,,,,,,,,,,,
natalidade,médio,,,,,,,,,,,,,,,,,,,,,,,,,,,,,,,,,,,,,,,,,,
heterozigoto,gene,,,,,,,,,,,,,,,,,,,,,,,,,,,,,,,,,,,,,,,,,,
diarreia,febre,animal,infeccioso,,,,,,,,,,,,,,,,,,,,,,,,,,,,,,,,,,,,,,,,
acasalar,vaca,,,,,,,,,,,,,,,,,,,,,,,,,,,,,,,,,,,,,,,,,,
instalação,água,tanque,pequeno,limpo,bovino,abrigo,tratamento,seco,,,,,,,,,,,,,,,,,,,,,,,,,,,,,,,,,,,
ingrediente,bom,,,,,,,,,,,,,,,,,,,,,,,,,,,,,,,,,,,,,,,,,,
armazenagem,mineral,sistema,,,,,,,,,,,,,,,,,,,,,,,,,,,,,,,,,,,,,,,,,
abrasividade,silo,,,,,,,,,,,,,,,,,,,,,,,,,,,,,,,,,,,,,,,,,,
aeróbia,sistema,,,,,,,,,,,,,,,,,,,,,,,,,,,,,,,,,,,,,,,,,,
integração,sistema,cultura,,,,,,,,,,,,,,,,,,,,,,,,,,,,,,,,,,,,,,,,,
pastagem,adubar,invasor,fertilizante,gramínea,brachiaria,cobertura,,,,,,,,,,,,,,,,,,,,,,,,,,,,,,,,,,,,,
magnésio,água,dieta,,,,,,,,,,,,,,,,,,,,,,,,,,,,,,,,,,,,,,,,,
detenção,sistema,,,,,,,,,,,,,,,,,,,,,,,,,,,,,,,,,,,,,,,,,,
misturador,mineral,,,,,,,,,,,,,,,,,,,,,,,,,,,,,,,,,,,,,,,,,,
semeadura,plantio,pastagem,,,,,,,,,,,,,,,,,,,,,,,,,,,,,,,,,,,,,,,,,
homozigoto,gene,,,,,,,,,,,,,,,,,,,,,,,,,,,,,,,,,,,,,,,,,,
cetose,vaca,,,,,,,,,,,,,,,,,,,,,,,,,,,,,,,,,,,,,,,,,,
eficiente,carrapaticida,,,,,,,,,,,,,,,,,,,,,,,,,,,,,,,,,,,,,,,,,,
semeadeira,semente,,,,,,,,,,,,,,,,,,,,,,,,,,,,,,,,,,,,,,,,,,
acasalamento,animal,filho,,,,,,,,,,,,,,,,,,,,,,,,,,,,,,,,,,,,,,,,,
doador,embrião,,,,,,,,,,,,,,,,,,,,,,,,,,,,,,,,,,,,,,,,,,
tecidos,mamário,animal,,,,,,,,,,,,,,,,,,,,,,,,,,,,,,,,,,,,,,,,,
bicarbonato,dieta,,,,,,,,,,,,,,,,,,,,,,,,,,,,,,,,,,,,,,,,,,
montar,vaca,,,,,,,,,,,,,,,,,,,,,,,,,,,,,,,,,,,,,,,,,,
inimigo,natural,,,,,,,,,,,,,,,,,,,,,,,,,,,,,,,,,,,,,,,,,,
aproveitamento,sistema,plantio,,,,,,,,,,,,,,,,,,,,,,,,,,,,,,,,,,,,,,,,,
digestivo,sistema,,,,,,,,,,,,,,,,,,,,,,,,,,,,,,,,,,,,,,,,,,
descamação,bezerro,,,,,,,,,,,,,,,,,,,,,,,,,,,,,,,,,,,,,,,,,,
fertilização,vitro,embrião,,,,,,,,,,,,,,,,,,,,,,,,,,,,,,,,,,,,,,,,,
cruzar,vaca,raça,,,,,,,,,,,,,,,,,,,,,,,,,,,,,,,,,,,,,,,,,
seco,água,pastagem,,,,,,,,,,,,,,,,,,,,,,,,,,,,,,,,,,,,,,,,,
silo,forragem,,,,,,,,,,,,,,,,,,,,,,,,,,,,,,,,,,,,,,,,,,
nitrogênio,orgânico,material,,,,,,,,,,,,,,,,,,,,,,,,,,,,,,,,,,,,,,,,,
pesagem,animal,,,,,,,,,,,,,,,,,,,,,,,,,,,,,,,,,,,,,,,,,,
puro,genético,,,,,,,,,,,,,,,,,,,,,,,,,,,,,,,,,,,,,,,,,,
óxido,dieta,bicarbonato,,,,,,,,,,,,,,,,,,,,,,,,,,,,,,,,,,,,,,,,,
oócito,embrião,,,,,,,,,,,,,,,,,,,,,,,,,,,,,,,,,,,,,,,,,,
lactente,bezerro,,,,,,,,,,,,,,,,,,,,,,,,,,,,,,,,,,,,,,,,,,
intestino,proteína,,,,,,,,,,,,,,,,,,,,,,,,,,,,,,,,,,,,,,,,,,
bezerro,abrigo,consumir,brinco,sonda,intestino,cerca,desmame,mamar,ração,volumoso,,,,,,,,,,,,,,,,,,,,,,,,,,,,,,,,,
parir,vaca,,,,,,,,,,,,,,,,,,,,,,,,,,,,,,,,,,,,,,,,,,
sanitário,vaca,,,,,,,,,,,,,,,,,,,,,,,,,,,,,,,,,,,,,,,,,,
reprodutor,vaca,monta,genético,,,,,,,,,,,,,,,,,,,,,,,,,,,,,,,,,,,,,,,,
fermentação,silo,,,,,,,,,,,,,,,,,,,,,,,,,,,,,,,,,,,,,,,,,,
abomaso,vaca,,,,,,,,,,,,,,,,,,,,,,,,,,,,,,,,,,,,,,,,,,
calagem,forrageira,,,,,,,,,,,,,,,,,,,,,,,,,,,,,,,,,,,,,,,,,,
piquete,cerca,,,,,,,,,,,,,,,,,,,,,,,,,,,,,,,,,,,,,,,,,,
vegetal,pastagem,,,,,,,,,,,,,,,,,,,,,,,,,,,,,,,,,,,,,,,,,,
desfolha,pastagem,,,,,,,,,,,,,,,,,,,,,,,,,,,,,,,,,,,,,,,,,,
espermatozoide,macho,,,,,,,,,,,,,,,,,,,,,,,,,,,,,,,,,,,,,,,,,,
tamponante,vaca,bicarbonato,,,,,,,,,,,,,,,,,,,,,,,,,,,,,,,,,,,,,,,,,
sexo,vaca,,,,,,,,,,,,,,,,,,,,,,,,,,,,,,,,,,,,,,,,,,
fisiológico,vaca,,,,,,,,,,,,,,,,,,,,,,,,,,,,,,,,,,,,,,,,,,
bula,carrapaticida,,,,,,,,,,,,,,,,,,,,,,,,,,,,,,,,,,,,,,,,,,
absorvível,proteína,,,,,,,,,,,,,,,,,,,,,,,,,,,,,,,,,,,,,,,,,,
febre,animal,alto,,,,,,,,,,,,,,,,,,,,,,,,,,,,,,,,,,,,,,,,,
biológico,tratamento,,,,,,,,,,,,,,,,,,,,,,,,,,,,,,,,,,,,,,,,,,
tolerância,solo,grande,brachiaria,,,,,,,,,,,,,,,,,,,,,,,,,,,,,,,,,,,,,,,,
rufião,vaca,,,,,,,,,,,,,,,,,,,,,,,,,,,,,,,,,,,,,,,,,,
cérvix,parto,,,,,,,,,,,,,,,,,,,,,,,,,,,,,,,,,,,,,,,,,,
manteiga,gordura,,,,,,,,,,,,,,,,,,,,,,,,,,,,,,,,,,,,,,,,,,
cirúrgico,tratamento,testículo,,,,,,,,,,,,,,,,,,,,,,,,,,,,,,,,,,,,,,,,,
prolapso,parto,,,,,,,,,,,,,,,,,,,,,,,,,,,,,,,,,,,,,,,,,,
aditivo,bicarbonato,,,,,,,,,,,,,,,,,,,,,,,,,,,,,,,,,,,,,,,,,,
caixa,térmico,,,,,,,,,,,,,,,,,,,,,,,,,,,,,,,,,,,,,,,,,,
aureus,bactéria,contagioso,agalactiae,,,,,,,,,,,,,,,,,,,,,,,,,,,,,,,,,,,,,,,,
híbrido,cruzamento,,,,,,,,,,,,,,,,,,,,,,,,,,,,,,,,,,,,,,,,,,
infestação,animal,,,,,,,,,,,,,,,,,,,,,,,,,,,,,,,,,,,,,,,,,,
armazenamento,mineral,,,,,,,,,,,,,,,,,,,,,,,,,,,,,,,,,,,,,,,,,,
estresse,térmico,temperatura,sistema,metabólico,corporal,,,,,,,,,,,,,,,,,,,,,,,,,,,,,,,,,,,,,,
estreptococo,coliforme,,,,,,,,,,,,,,,,,,,,,,,,,,,,,,,,,,,,,,,,,,
parteiro,rebanho,gestação,,,,,,,,,,,,,,,,,,,,,,,,,,,,,,,,,,,,,,,,,
gestante,vacar,bezerro,,,,,,,,,,,,,,,,,,,,,,,,,,,,,,,,,,,,,,,,,
pivô,aspersor,,,,,,,,,,,,,,,,,,,,,,,,,,,,,,,,,,,,,,,,,,
anaeróbia,lagoa,,,,,,,,,,,,,,,,,,,,,,,,,,,,,,,,,,,,,,,,,,
geada,solo,,,,,,,,,,,,,,,,,,,,,,,,,,,,,,,,,,,,,,,,,,
pressãar,aspersor,,,,,,,,,,,,,,,,,,,,,,,,,,,,,,,,,,,,,,,,,,
antibiose,brachiaria,,,,,,,,,,,,,,,,,,,,,,,,,,,,,,,,,,,,,,,,,,
pus,presença,,,,,,,,,,,,,,,,,,,,,,,,,,,,,,,,,,,,,,,,,,
ácido,solo,fosfato,,,,,,,,,,,,,,,,,,,,,,,,,,,,,,,,,,,,,,,,,
célula,infectar,somático,vaca,proteína,inflamatório,corpo,,,,,,,,,,,,,,,,,,,,,,,,,,,,,,,,,,,,,
guzerá,aptidão,,,,,,,,,,,,,,,,,,,,,,,,,,,,,,,,,,,,,,,,,,
osso,fósforo,,,,,,,,,,,,,,,,,,,,,,,,,,,,,,,,,,,,,,,,,,
pilha,compostagem,,,,,,,,,,,,,,,,,,,,,,,,,,,,,,,,,,,,,,,,,,
acetonemia,vaca,,,,,,,,,,,,,,,,,,,,,,,,,,,,,,,,,,,,,,,,,,
arenoso,solo,,,,,,,,,,,,,,,,,,,,,,,,,,,,,,,,,,,,,,,,,,
farinha,fósforo,,,,,,,,,,,,,,,,,,,,,,,,,,,,,,,,,,,,,,,,,,
pastejo,rotativo,brachiaria,,,,,,,,,,,,,,,,,,,,,,,,,,,,,,,,,,,,,,,,,
arbusto,árvore,,,,,,,,,,,,,,,,,,,,,,,,,,,,,,,,,,,,,,,,,,
bovino,eficiente,,,,,,,,,,,,,,,,,,,,,,,,,,,,,,,,,,,,,,,,,,
herbicida,plantio,,,,,,,,,,,,,,,,,,,,,,,,,,,,,,,,,,,,,,,,,,
uterino,parto,,,,,,,,,,,,,,,,,,,,,,,,,,,,,,,,,,,,,,,,,,
albumina,proteína,gordura,globulina,,,,,,,,,,,,,,,,,,,,,,,,,,,,,,,,,,,,,,,,
dactylon,nlemfuensis,brachiaria,,,,,,,,,,,,,,,,,,,,,,,,,,,,,,,,,,,,,,,,,
vermelhinho,carrapato,micuim,,,,,,,,,,,,,,,,,,,,,,,,,,,,,,,,,,,,,,,,,
meio,puro,,,,,,,,,,,,,,,,,,,,,,,,,,,,,,,,,,,,,,,,,,
drenagem,terreno,,,,,,,,,,,,,,,,,,,,,,,,,,,,,,,,,,,,,,,,,,
carbonato,água,,,,,,,,,,,,,,,,,,,,,,,,,,,,,,,,,,,,,,,,,,
imunidade,bezerro,,,,,,,,,,,,,,,,,,,,,,,,,,,,,,,,,,,,,,,,,,
resistente,raça,,,,,,,,,,,,,,,,,,,,,,,,,,,,,,,,,,,,,,,,,,
digerir,proteína,fibra,,,,,,,,,,,,,,,,,,,,,,,,,,,,,,,,,,,,,,,,,
mãe,vaca,filho,animal,,,,,,,,,,,,,,,,,,,,,,,,,,,,,,,,,,,,,,,,
energético,gordura,,,,,,,,,,,,,,,,,,,,,,,,,,,,,,,,,,,,,,,,,,
baixo,alto,,,,,,,,,,,,,,,,,,,,,,,,,,,,,,,,,,,,,,,,,,
mosca,berne,espécie,proliferação,,,,,,,,,,,,,,,,,,,,,,,,,,,,,,,,,,,,,,,,
perder,gordura,,,,,,,,,,,,,,,,,,,,,,,,,,,,,,,,,,,,,,,,,,
dor,animal,,,,,,,,,,,,,,,,,,,,,,,,,,,,,,,,,,,,,,,,,,
agilidade,medicamento,,,,,,,,,,,,,,,,,,,,,,,,,,,,,,,,,,,,,,,,,,
monórquidos,testículo,,,,,,,,,,,,,,,,,,,,,,,,,,,,,,,,,,,,,,,,,,
mau,vaca,,,,,,,,,,,,,,,,,,,,,,,,,,,,,,,,,,,,,,,,,,
ataque,brachiaria,,,,,,,,,,,,,,,,,,,,,,,,,,,,,,,,,,,,,,,,,,
silagem,seca,,,,,,,,,,,,,,,,,,,,,,,,,,,,,,,,,,,,,,,,,,
zootécnico,vaca,,,,,,,,,,,,,,,,,,,,,,,,,,,,,,,,,,,,,,,,,,
microbiológico,bom,,,,,,,,,,,,,,,,,,,,,,,,,,,,,,,,,,,,,,,,,,
capim,natural,,,,,,,,,,,,,,,,,,,,,,,,,,,,,,,,,,,,,,,,,,
praga,cultura,pastagem,natural,,,,,,,,,,,,,,,,,,,,,,,,,,,,,,,,,,,,,,,,
desinfetar,teto,,,,,,,,,,,,,,,,,,,,,,,,,,,,,,,,,,,,,,,,,,
desaleitar,bezerro,,,,,,,,,,,,,,,,,,,,,,,,,,,,,,,,,,,,,,,,,,
prenhe,vaca,,,,,,,,,,,,,,,,,,,,,,,,,,,,,,,,,,,,,,,,,,
forrageiro,espécie,solo,brachiaria,,,,,,,,,,,,,,,,,,,,,,,,,,,,,,,,,,,,,,,,
raspagem,esterco,,,,,,,,,,,,,,,,,,,,,,,,,,,,,,,,,,,,,,,,,,
compactação,forragem,,,,,,,,,,,,,,,,,,,,,,,,,,,,,,,,,,,,,,,,,,
forrageira,inverno,superpastejo,nlemfuensis,densidade,cobertura,capineiro,,,,,,,,,,,,,,,,,,,,,,,,,,,,,,,,,,,,,
abrigo,animal,,,,,,,,,,,,,,,,,,,,,,,,,,,,,,,,,,,,,,,,,,
taxa,lactação,semeadura,piquete,hectare,gestação,fértil,,,,,,,,,,,,,,,,,,,,,,,,,,,,,,,,,,,,,
ressemeadura,pasto,,,,,,,,,,,,,,,,,,,,,,,,,,,,,,,,,,,,,,,,,,
pressão,aspersor,,,,,,,,,,,,,,,,,,,,,,,,,,,,,,,,,,,,,,,,,,
decumbem,panicum,,,,,,,,,,,,,,,,,,,,,,,,,,,,,,,,,,,,,,,,,,
patógeno,orgânico,,,,,,,,,,,,,,,,,,,,,,,,,,,,,,,,,,,,,,,,,,
pasteurizado,leite,cru,,,,,,,,,,,,,,,,,,,,,,,,,,,,,,,,,,,,,,,,,
ventilação,animal,,,,,,,,,,,,,,,,,,,,,,,,,,,,,,,,,,,,,,,,,,
solúvel,orgânico,,,,,,,,,,,,,,,,,,,,,,,,,,,,,,,,,,,,,,,,,,
artificial,natural,,,,,,,,,,,,,,,,,,,,,,,,,,,,,,,,,,,,,,,,,,
sintoma,perda,medicamento,bactéria,,,,,,,,,,,,,,,,,,,,,,,,,,,,,,,,,,,,,,,,
sistema,irrigação,ordenha,tricros,,,,,,,,,,,,,,,,,,,,,,,,,,,,,,,,,,,,,,,,
berne,espécie,,,,,,,,,,,,,,,,,,,,,,,,,,,,,,,,,,,,,,,,,,
vacina,cooler,aureu,infecção,bactéria,,,,,,,,,,,,,,,,,,,,,,,,,,,,,,,,,,,,,,,
panicum,nlemfuensis,,,,,,,,,,,,,,,,,,,,,,,,,,,,,,,,,,,,,,,,,,
insumo,animais,,,,,,,,,,,,,,,,,,,,,,,,,,,,,,,,,,,,,,,,,,
dieta,água,gordura,,,,,,,,,,,,,,,,,,,,,,,,,,,,,,,,,,,,,,,,,
cultura,forrageira,sistema,placa,,,,,,,,,,,,,,,,,,,,,,,,,,,,,,,,,,,,,,,,
entrada,silo,,,,,,,,,,,,,,,,,,,,,,,,,,,,,,,,,,,,,,,,,,
quente,água,pastagem,,,,,,,,,,,,,,,,,,,,,,,,,,,,,,,,,,,,,,,,,
captura,mosca,,,,,,,,,,,,,,,,,,,,,,,,,,,,,,,,,,,,,,,,,,
braquiária,ácidos,plantio,,,,,,,,,,,,,,,,,,,,,,,,,,,,,,,,,,,,,,,,,
seiva,inseto,,,,,,,,,,,,,,,,,,,,,,,,,,,,,,,,,,,,,,,,,,
sanguíneo,corrente,,,,,,,,,,,,,,,,,,,,,,,,,,,,,,,,,,,,,,,,,,
protozoário,bactéria,,,,,,,,,,,,,,,,,,,,,,,,,,,,,,,,,,,,,,,,,,
examinar,animal,,,,,,,,,,,,,,,,,,,,,,,,,,,,,,,,,,,,,,,,,,
fosfato,plantio,pastagem,magnésio,bicálcico,,,,,,,,,,,,,,,,,,,,,,,,,,,,,,,,,,,,,,,
cisteína,enxofre,,,,,,,,,,,,,,,,,,,,,,,,,,,,,,,,,,,,,,,,,,
via,testículo,,,,,,,,,,,,,,,,,,,,,,,,,,,,,,,,,,,,,,,,,,
comercial,medicamento,,,,,,,,,,,,,,,,,,,,,,,,,,,,,,,,,,,,,,,,,,
cloro,manganês,magnésio,fósforo,cobre,,,,,,,,,,,,,,,,,,,,,,,,,,,,,,,,,,,,,,,
agudo,infecção,,,,,,,,,,,,,,,,,,,,,,,,,,,,,,,,,,,,,,,,,,
fase,lactação,gestação,,,,,,,,,,,,,,,,,,,,,,,,,,,,,,,,,,,,,,,,,
infecção,pus,coliforme,rebanho,perda,intramamária,desinfecção,clínico,bactéria,,,,,,,,,,,,,,,,,,,,,,,,,,,,,,,,,,,
infestações,animal,,,,,,,,,,,,,,,,,,,,,,,,,,,,,,,,,,,,,,,,,,
população,microbiano,pequeno,,,,,,,,,,,,,,,,,,,,,,,,,,,,,,,,,,,,,,,,,
lactose,vaca,,,,,,,,,,,,,,,,,,,,,,,,,,,,,,,,,,,,,,,,,,
exigência,proteína,,,,,,,,,,,,,,,,,,,,,,,,,,,,,,,,,,,,,,,,,,
água,forragem,consumir,estrôncio,excreção,aquífero,tóxico,temperatura,salobrar,salinidade,subterrâneo,suficiente,resíduo,perder,corporal,bezerro,,,,,,,,,,,,,,,,,,,,,,,,,,,,
ração,desmamar,proteína,nutriente,,,,,,,,,,,,,,,,,,,,,,,,,,,,,,,,,,,,,,,,
purpureum,panicum,brachiaria,,,,,,,,,,,,,,,,,,,,,,,,,,,,,,,,,,,,,,,,,
lactação,parto,secar,novilho,gestação,fêmea,,,,,,,,,,,,,,,,,,,,,,,,,,,,,,,,,,,,,,
alimento,sabor,digerir,volumoso,seco,rebanho,puro,leiteiro,gordura,fósforo,forrageira,exigência,,,,,,,,,,,,,,,,,,,,,,,,,,,,,,,,
estolonífera,plantio,,,,,,,,,,,,,,,,,,,,,,,,,,,,,,,,,,,,,,,,,,
desaleitamento,desaleitar,,,,,,,,,,,,,,,,,,,,,,,,,,,,,,,,,,,,,,,,,,
genoma,bovino,,,,,,,,,,,,,,,,,,,,,,,,,,,,,,,,,,,,,,,,,,
organismo,animal,transgênico,medicamento,,,,,,,,,,,,,,,,,,,,,,,,,,,,,,,,,,,,,,,,
modo,pastagem,,,,,,,,,,,,,,,,,,,,,,,,,,,,,,,,,,,,,,,,,,
invasor,semente,,,,,,,,,,,,,,,,,,,,,,,,,,,,,,,,,,,,,,,,,,
terreno,grande,,,,,,,,,,,,,,,,,,,,,,,,,,,,,,,,,,,,,,,,,,
topografia,pastagem,bom,,,,,,,,,,,,,,,,,,,,,,,,,,,,,,,,,,,,,,,,,
vaca,leite,pesar,útero,gir,água,instalação,emagrecer,maternidade,magro,gordo,parto,lactação,,,,,,,,,,,,,,,,,,,,,,,,,,,,,,,
raça,leiteiro,tricros,mestiço,puro,zebuína,holandês,gir,,,,,,,,,,,,,,,,,,,,,,,,,,,,,,,,,,,,
doença,animal,,,,,,,,,,,,,,,,,,,,,,,,,,,,,,,,,,,,,,,,,,
esterco,compostagem,raspar,cama,líquido,,,,,,,,,,,,,,,,,,,,,,,,,,,,,,,,,,,,,,,
lote,grande,animal,,,,,,,,,,,,,,,,,,,,,,,,,,,,,,,,,,,,,,,,,
frasco,análise,caixa,térmico,,,,,,,,,,,,,,,,,,,,,,,,,,,,,,,,,,,,,,,,
mão,obra,,,,,,,,,,,,,,,,,,,,,,,,,,,,,,,,,,,,,,,,,,
gordura,proteína,,,,,,,,,,,,,,,,,,,,,,,,,,,,,,,,,,,,,,,,,,
fator,água,,,,,,,,,,,,,,,,,,,,,,,,,,,,,,,,,,,,,,,,,,
grande,abrigo,instalação,animal,,,,,,,,,,,,,,,,,,,,,,,,,,,,,,,,,,,,,,,,
semente,plântula,germinação,,,,,,,,,,,,,,,,,,,,,,,,,,,,,,,,,,,,,,,,,
samambaia,aquilinum,irritação,solo,efeito,infestar,pastagem,organismo,animal,,,,,,,,,,,,,,,,,,,,,,,,,,,,,,,,,,,
colher,frasco,,,,,,,,,,,,,,,,,,,,,,,,,,,,,,,,,,,,,,,,,,
cerca,animal,,,,,,,,,,,,,,,,,,,,,,,,,,,,,,,,,,,,,,,,,,
gestação,vaca,,,,,,,,,,,,,,,,,,,,,,,,,,,,,,,,,,,,,,,,,,
chuva,pastagem,forrageira,,,,,,,,,,,,,,,,,,,,,,,,,,,,,,,,,,,,,,,,,
carrapaticida,laboratório,animal,,,,,,,,,,,,,,,,,,,,,,,,,,,,,,,,,,,,,,,,,
chifre,mocho,gene,,,,,,,,,,,,,,,,,,,,,,,,,,,,,,,,,,,,,,,,,
brachiaria,ruziziensil,decumbem,brizanthar,,,,,,,,,,,,,,,,,,,,,,,,,,,,,,,,,,,,,,,,
cromossomo,gene,,,,,,,,,,,,,,,,,,,,,,,,,,,,,,,,,,,,,,,,,,
cruzamento,puro,raça,,,,,,,,,,,,,,,,,,,,,,,,,,,,,,,,,,,,,,,,,
mineral,suplementar,dieta,selênio,vitamina,concentrado,diluir,,,,,,,,,,,,,,,,,,,,,,,,,,,,,,,,,,,,,
proteína,digestão,,,,,,,,,,,,,,,,,,,,,,,,,,,,,,,,,,,,,,,,,,
quarto,antibiótico,,,,,,,,,,,,,,,,,,,,,,,,,,,,,,,,,,,,,,,,,,
novilho,vaca,,,,,,,,,,,,,,,,,,,,,,,,,,,,,,,,,,,,,,,,,,
resíduo,orgânico,,,,,,,,,,,,,,,,,,,,,,,,,,,,,,,,,,,,,,,,,,
medida,medicamento,,,,,,,,,,,,,,,,,,,,,,,,,,,,,,,,,,,,,,,,,,
enzima,proteína,,,,,,,,,,,,,,,,,,,,,,,,,,,,,,,,,,,,,,,,,,
hectare,piquete,,,,,,,,,,,,,,,,,,,,,,,,,,,,,,,,,,,,,,,,,,
morte,animal,,,,,,,,,,,,,,,,,,,,,,,,,,,,,,,,,,,,,,,,,,
genético,planta,transgênico,material,,,,,,,,,,,,,,,,,,,,,,,,,,,,,,,,,,,,,,,,
análise,solo,,,,,,,,,,,,,,,,,,,,,,,,,,,,,,,,,,,,,,,,,,
limpo,água,,,,,,,,,,,,,,,,,,,,,,,,,,,,,,,,,,,,,,,,,,
teto,leite,medicamento,,,,,,,,,,,,,,,,,,,,,,,,,,,,,,,,,,,,,,,,,
guzer,raça,,,,,,,,,,,,,,,,,,,,,,,,,,,,,,,,,,,,,,,,,,
embrião,vitro,,,,,,,,,,,,,,,,,,,,,,,,,,,,,,,,,,,,,,,,,,
gir,animal,,,,,,,,,,,,,,,,,,,,,,,,,,,,,,,,,,,,,,,,,,
cloreto,água,,,,,,,,,,,,,,,,,,,,,,,,,,,,,,,,,,,,,,,,,,
líquido,ruminal,,,,,,,,,,,,,,,,,,,,,,,,,,,,,,,,,,,,,,,,,,
preparar,solo,,,,,,,,,,,,,,,,,,,,,,,,,,,,,,,,,,,,,,,,,,
pequeno,partícula,,,,,,,,,,,,,,,,,,,,,,,,,,,,,,,,,,,,,,,,,,
leiteiro,leite,rebanho,gir,,,,,,,,,,,,,,,,,,,,,,,,,,,,,,,,,,,,,,,,
sabor,butírico,,,,,,,,,,,,,,,,,,,,,,,,,,,,,,,,,,,,,,,,,,
medicamento,reação,vaca,,,,,,,,,,,,,,,,,,,,,,,,,,,,,,,,,,,,,,,,,
superpastejo,animal,,,,,,,,,,,,,,,,,,,,,,,,,,,,,,,,,,,,,,,,,,
orgânico,decomposição,,,,,,,,,,,,,,,,,,,,,,,,,,,,,,,,,,,,,,,,,,
método,plantio,,,,,,,,,,,,,,,,,,,,,,,,,,,,,,,,,,,,,,,,,,
clonagem,animal,,,,,,,,,,,,,,,,,,,,,,,,,,,,,,,,,,,,,,,,,,
clínico,subclínico,,,,,,,,,,,,,,,,,,,,,,,,,,,,,,,,,,,,,,,,,,
heterose,holandês,vaca,,,,,,,,,,,,,,,,,,,,,,,,,,,,,,,,,,,,,,,,,
subnutrição,vaca,,,,,,,,,,,,,,,,,,,,,,,,,,,,,,,,,,,,,,,,,,
bactéria,coliforme,,,,,,,,,,,,,,,,,,,,,,,,,,,,,,,,,,,,,,,,,,
hormônio,reprodutivo,,,,,,,,,,,,,,,,,,,,,,,,,,,,,,,,,,,,,,,,,,
larva,mosca,,,,,,,,,,,,,,,,,,,,,,,,,,,,,,,,,,,,,,,,,,
volumoso,,,,,,,,,,,,,,,,,,,,,,,,,,,,,,,,,,,,,,,,,,,
antibiótico,,,,,,,,,,,,,,,,,,,,,,,,,,,,,,,,,,,,,,,,,,,
mamar,leite,,,,,,,,,,,,,,,,,,,,,,,,,,,,,,,,,,,,,,,,,,
adulto,,,,,,,,,,,,,,,,,,,,,,,,,,,,,,,,,,,,,,,,,,,
vitamina,,,,,,,,,,,,,,,,,,,,,,,,,,,,,,,,,,,,,,,,,,,
plantio,,,,,,,,,,,,,,,,,,,,,,,,,,,,,,,,,,,,,,,,,,,
fósforo,,,,,,,,,,,,,,,,,,,,,,,,,,,,,,,,,,,,,,,,,,,
nutriente,,,,,,,,,,,,,,,,,,,,,,,,,,,,,,,,,,,,,,,,,,,
filho,,,,,,,,,,,,,,,,,,,,,,,,,,,,,,,,,,,,,,,,,,,
tristeza,,,,,,,,,,,,,,,,,,,,,,,,,,,,,,,,,,,,,,,,,,,
bom,,,,,,,,,,,,,,,,,,,,,,,,,,,,,,,,,,,,,,,,,,,
balancear,,,,,,,,,,,,,,,,,,,,,,,,,,,,,,,,,,,,,,,,,,,
lavar,,,,,,,,,,,,,,,,,,,,,,,,,,,,,,,,,,,,,,,,,,,
tropical,,,,,,,,,,,,,,,,,,,,,,,,,,,,,,,,,,,,,,,,,,,
mestiço,,,,,,,,,,,,,,,,,,,,,,,,,,,,,,,,,,,,,,,,,,,
gordo,,,,,,,,,,,,,,,,,,,,,,,,,,,,,,,,,,,,,,,,,,,
precoce,,,,,,,,,,,,,,,,,,,,,,,,,,,,,,,,,,,,,,,,,,,
pé,,,,,,,,,,,,,,,,,,,,,,,,,,,,,,,,,,,,,,,,,,,
manual,,,,,,,,,,,,,,,,,,,,,,,,,,,,,,,,,,,,,,,,,,,
agente,,,,,,,,,,,,,,,,,,,,,,,,,,,,,,,,,,,,,,,,,,,
gel,,,,,,,,,,,,,,,,,,,,,,,,,,,,,,,,,,,,,,,,,,,
ar,,,,,,,,,,,,,,,,,,,,,,,,,,,,,,,,,,,,,,,,,,,
calor,,,,,,,,,,,,,,,,,,,,,,,,,,,,,,,,,,,,,,,,,,,
bebedouro,,,,,,,,,,,,,,,,,,,,,,,,,,,,,,,,,,,,,,,,,,,
cuidado,,,,,,,,,,,,,,,,,,,,,,,,,,,,,,,,,,,,,,,,,,,
imunoglobulina,,,,,,,,,,,,,,,,,,,,,,,,,,,,,,,,,,,,,,,,,,,
inverno,,,,,,,,,,,,,,,,,,,,,,,,,,,,,,,,,,,,,,,,,,,
inseto,,,,,,,,,,,,,,,,,,,,,,,,,,,,,,,,,,,,,,,,,,,
infectar,,,,,,,,,,,,,,,,,,,,,,,,,,,,,,,,,,,,,,,,,,,
cocho,,,,,,,,,,,,,,,,,,,,,,,,,,,,,,,,,,,,,,,,,,,
suplementar,,,,,,,,,,,,,,,,,,,,,,,,,,,,,,,,,,,,,,,,,,,
magro,,,,,,,,,,,,,,,,,,,,,,,,,,,,,,,,,,,,,,,,,,,
açúcar,,,,,,,,,,,,,,,,,,,,,,,,,,,,,,,,,,,,,,,,,,,
alto,,,,,,,,,,,,,,,,,,,,,,,,,,,,,,,,,,,,,,,,,,,
árvore,,,,,,,,,,,,,,,,,,,,,,,,,,,,,,,,,,,,,,,,,,,
fabricante,,,,,,,,,,,,,,,,,,,,,,,,,,,,,,,,,,,,,,,,,,,
médio,,,,,,,,,,,,,,,,,,,,,,,,,,,,,,,,,,,,,,,,,,,
gene,,,,,,,,,,,,,,,,,,,,,,,,,,,,,,,,,,,,,,,,,,,
infeccioso,,,,,,,,,,,,,,,,,,,,,,,,,,,,,,,,,,,,,,,,,,,
concentrar,,,,,,,,,,,,,,,,,,,,,,,,,,,,,,,,,,,,,,,,,,,
cobertura,,,,,,,,,,,,,,,,,,,,,,,,,,,,,,,,,,,,,,,,,,,
microbiano,,,,,,,,,,,,,,,,,,,,,,,,,,,,,,,,,,,,,,,,,,,
macho,,,,,,,,,,,,,,,,,,,,,,,,,,,,,,,,,,,,,,,,,,,
holandês,,,,,,,,,,,,,,,,,,,,,,,,,,,,,,,,,,,,,,,,,,,
consumir,,,,,,,,,,,,,,,,,,,,,,,,,,,,,,,,,,,,,,,,,,,
doméstico,,,,,,,,,,,,,,,,,,,,,,,,,,,,,,,,,,,,,,,,,,,
parasita,,,,,,,,,,,,,,,,,,,,,,,,,,,,,,,,,,,,,,,,,,,
natural,,,,,,,,,,,,,,,,,,,,,,,,,,,,,,,,,,,,,,,,,,,
vitro,,,,,,,,,,,,,,,,,,,,,,,,,,,,,,,,,,,,,,,,,,,
desidratação,,,,,,,,,,,,,,,,,,,,,,,,,,,,,,,,,,,,,,,,,,,
equino,,,,,,,,,,,,,,,,,,,,,,,,,,,,,,,,,,,,,,,,,,,
tecido,,,,,,,,,,,,,,,,,,,,,,,,,,,,,,,,,,,,,,,,,,,
potássio,,,,,,,,,,,,,,,,,,,,,,,,,,,,,,,,,,,,,,,,,,,
utensílio,,,,,,,,,,,,,,,,,,,,,,,,,,,,,,,,,,,,,,,,,,,
testículo,,,,,,,,,,,,,,,,,,,,,,,,,,,,,,,,,,,,,,,,,,,
agalactiae,bactéria,,,,,,,,,,,,,,,,,,,,,,,,,,,,,,,,,,,,,,,,,,
contagioso,bactéria,,,,,,,,,,,,,,,,,,,,,,,,,,,,,,,,,,,,,,,,,,
metabólico,,,,,,,,,,,,,,,,,,,,,,,,,,,,,,,,,,,,,,,,,,,
coliforme,,,,,,,,,,,,,,,,,,,,,,,,,,,,,,,,,,,,,,,,,,,
vacar,,,,,,,,,,,,,,,,,,,,,,,,,,,,,,,,,,,,,,,,,,,
comer,,,,,,,,,,,,,,,,,,,,,,,,,,,,,,,,,,,,,,,,,,,
aspersor,água,,,,,,,,,,,,,,,,,,,,,,,,,,,,,,,,,,,,,,,,,,
presença,,,,,,,,,,,,,,,,,,,,,,,,,,,,,,,,,,,,,,,,,,,
corpo,,,,,,,,,,,,,,,,,,,,,,,,,,,,,,,,,,,,,,,,,,,
inflamatório,,,,,,,,,,,,,,,,,,,,,,,,,,,,,,,,,,,,,,,,,,,
compostagem,,,,,,,,,,,,,,,,,,,,,,,,,,,,,,,,,,,,,,,,,,,
plântula,,,,,,,,,,,,,,,,,,,,,,,,,,,,,,,,,,,,,,,,,,,
globulina,,,,,,,,,,,,,,,,,,,,,,,,,,,,,,,,,,,,,,,,,,,
nlemfuensis,,,,,,,,,,,,,,,,,,,,,,,,,,,,,,,,,,,,,,,,,,,
micuim,carrapato,,,,,,,,,,,,,,,,,,,,,,,,,,,,,,,,,,,,,,,,,,
ovo,,,,,,,,,,,,,,,,,,,,,,,,,,,,,,,,,,,,,,,,,,,
rotativo,,,,,,,,,,,,,,,,,,,,,,,,,,,,,,,,,,,,,,,,,,,
vento,,,,,,,,,,,,,,,,,,,,,,,,,,,,,,,,,,,,,,,,,,,
ovino,,,,,,,,,,,,,,,,,,,,,,,,,,,,,,,,,,,,,,,,,,,
proliferação,,,,,,,,,,,,,,,,,,,,,,,,,,,,,,,,,,,,,,,,,,,
capineiro,,,,,,,,,,,,,,,,,,,,,,,,,,,,,,,,,,,,,,,,,,,
densidade,,,,,,,,,,,,,,,,,,,,,,,,,,,,,,,,,,,,,,,,,,,
fértil,,,,,,,,,,,,,,,,,,,,,,,,,,,,,,,,,,,,,,,,,,,
exame,,,,,,,,,,,,,,,,,,,,,,,,,,,,,,,,,,,,,,,,,,,
sol,,,,,,,,,,,,,,,,,,,,,,,,,,,,,,,,,,,,,,,,,,,
nutritivo,,,,,,,,,,,,,,,,,,,,,,,,,,,,,,,,,,,,,,,,,,,
cru,leite,,,,,,,,,,,,,,,,,,,,,,,,,,,,,,,,,,,,,,,,,,
tanque,,,,,,,,,,,,,,,,,,,,,,,,,,,,,,,,,,,,,,,,,,,
tricros,,,,,,,,,,,,,,,,,,,,,,,,,,,,,,,,,,,,,,,,,,,
placa,,,,,,,,,,,,,,,,,,,,,,,,,,,,,,,,,,,,,,,,,,,
ácidos,,,,,,,,,,,,,,,,,,,,,,,,,,,,,,,,,,,,,,,,,,,
corrente,,,,,,,,,,,,,,,,,,,,,,,,,,,,,,,,,,,,,,,,,,,
bicálcico,,,,,,,,,,,,,,,,,,,,,,,,,,,,,,,,,,,,,,,,,,,
enxofre,minerais,,,,,,,,,,,,,,,,,,,,,,,,,,,,,,,,,,,,,,,,,,
imunológico,,,,,,,,,,,,,,,,,,,,,,,,,,,,,,,,,,,,,,,,,,,
inflamação,,,,,,,,,,,,,,,,,,,,,,,,,,,,,,,,,,,,,,,,,,,
manganês,,,,,,,,,,,,,,,,,,,,,,,,,,,,,,,,,,,,,,,,,,,
desinfecção,,,,,,,,,,,,,,,,,,,,,,,,,,,,,,,,,,,,,,,,,,,
intramamária,,,,,,,,,,,,,,,,,,,,,,,,,,,,,,,,,,,,,,,,,,,
médico,,,,,,,,,,,,,,,,,,,,,,,,,,,,,,,,,,,,,,,,,,,
suficiente,,,,,,,,,,,,,,,,,,,,,,,,,,,,,,,,,,,,,,,,,,,
arbóreo,,,,,,,,,,,,,,,,,,,,,,,,,,,,,,,,,,,,,,,,,,,
secar,,,,,,,,,,,,,,,,,,,,,,,,,,,,,,,,,,,,,,,,,,,
humano,,,,,,,,,,,,,,,,,,,,,,,,,,,,,,,,,,,,,,,,,,,
transgênico,,,,,,,,,,,,,,,,,,,,,,,,,,,,,,,,,,,,,,,,,,,
subterrâneo,,,,,,,,,,,,,,,,,,,,,,,,,,,,,,,,,,,,,,,,,,,
salinidade,,,,,,,,,,,,,,,,,,,,,,,,,,,,,,,,,,,,,,,,,,,
salobrar,,,,,,,,,,,,,,,,,,,,,,,,,,,,,,,,,,,,,,,,,,,
zebuína,,,,,,,,,,,,,,,,,,,,,,,,,,,,,,,,,,,,,,,,,,,
obra,,,,,,,,,,,,,,,,,,,,,,,,,,,,,,,,,,,,,,,,,,,
termômetro,,,,,,,,,,,,,,,,,,,,,,,,,,,,,,,,,,,,,,,,,,,
maternidade,,,,,,,,,,,,,,,,,,,,,,,,,,,,,,,,,,,,,,,,,,,
aquífero,,,,,,,,,,,,,,,,,,,,,,,,,,,,,,,,,,,,,,,,,,,
somático,,,,,,,,,,,,,,,,,,,,,,,,,,,,,,,,,,,,,,,,,,,
excreção,,,,,,,,,,,,,,,,,,,,,,,,,,,,,,,,,,,,,,,,,,,
estrôncio,,,,,,,,,,,,,,,,,,,,,,,,,,,,,,,,,,,,,,,,,,,
brizanthar,,,,,,,,,,,,,,,,,,,,,,,,,,,,,,,,,,,,,,,,,,,
infestar,,,,,,,,,,,,,,,,,,,,,,,,,,,,,,,,,,,,,,,,,,,
emagrecer,,,,,,,,,,,,,,,,,,,,,,,,,,,,,,,,,,,,,,,,,,,
diluir,,,,,,,,,,,,,,,,,,,,,,,,,,,,,,,,,,,,,,,,,,,
bulbo,,,,,,,,,,,,,,,,,,,,,,,,,,,,,,,,,,,,,,,,,,,
aureu,bactéria,,,,,,,,,,,,,,,,,,,,,,,,,,,,,,,,,,,,,,,,,,
efeito,,,,,,,,,,,,,,,,,,,,,,,,,,,,,,,,,,,,,,,,,,,
cama,,,,,,,,,,,,,,,,,,,,,,,,,,,,,,,,,,,,,,,,,,,
doente,,,,,,,,,,,,,,,,,,,,,,,,,,,,,,,,,,,,,,,,,,,
fertilizante,,,,,,,,,,,,,,,,,,,,,,,,,,,,,,,,,,,,,,,,,,,
biomedicina,,,,,,,,,,,,,,,,,,,,,,,,,,,,,,,,,,,,,,,,,,,
sonda,,,,,,,,,,,,,,,,,,,,,,,,,,,,,,,,,,,,,,,,,,,
ruminal,,,,,,,,,,,,,,,,,,,,,,,,,,,,,,,,,,,,,,,,,,,
laboratório,,,,,,,,,,,,,,,,,,,,,,,,,,,,,,,,,,,,,,,,,,,
veranico,,,,,,,,,,,,,,,,,,,,,,,,,,,,,,,,,,,,,,,,,,,
irritação,,,,,,,,,,,,,,,,,,,,,,,,,,,,,,,,,,,,,,,,,,,
selênio,,,,,,,,,,,,,,,,,,,,,,,,,,,,,,,,,,,,,,,,,,,
butírico,,,,,,,,,,,,,,,,,,,,,,,,,,,,,,,,,,,,,,,,,,,
aquilinum,,,,,,,,,,,,,,,,,,,,,,,,,,,,,,,,,,,,,,,,,,,
decomposição,,,,,,,,,,,,,,,,,,,,,,,,,,,,,,,,,,,,,,,,,,,
cooler,,,,,,,,,,,,,,,,,,,,,,,,,,,,,,,,,,,,,,,,,,,
brinco,,,,,,,,,,,,,,,,,,,,,,,,,,,,,,,,,,,,,,,,,,,
ruziziensil,,,,,,,,,,,,,,,,,,,,,,,,,,,,,,,,,,,,,,,,,,,
raspar,,,,,,,,,,,,,,,,,,,,,,,,,,,,,,,,,,,,,,,,,,,
subclínico,,,,,,,,,,,,,,,,,,,,,,,,,,,,,,,,,,,,,,,,,,,
útero,,,,,,,,,,,,,,,,,,,,,,,,,,,,,,,,,,,,,,,,,,,
mocho,,,,,,,,,,,,,,,,,,,,,,,,,,,,,,,,,,,,,,,,,,,
pesar,,,,,,,,,,,,,,,,,,,,,,,,,,,,,,,,,,,,,,,,,,,
leite,bezerro,,,,,,,,,,,,,,,,,,,,,,,,,,,,,,,,,,,,,,,,,,
carrapato,agente,infestação,febre,vaca,,,,,,,,,,,,,,,,,,,,,,,,,,,,,,,,,,,,,,,
aftosa,doença,,,,,,,,,,,,,,,,,,,,,,,,,,,,,,,,,,,,,,,,,,
sangue,sanguíneo,,,,,,,,,,,,,,,,,,,,,,,,,,,,,,,,,,,,,,,,,,
boi,macho,testículo,vaca,,,,,,,,,,,,,,,,,,,,,,,,,,,,,,,,,,,,,,,,
gado,boi,vaca,,,,,,,,,,,,,,,,,,,,,,,,,,,,,,,,,,,,,,,,,
