,term1,term2,value
0,animais, animal,417
1,sede, animal,254
2,sede, vaca,245
3,máximo, grande,210
4,bezerra, bezerro,174
5,sede, bom,166
6,sede, grande,135
7,sede, pastagem,133
9,minerais, mineral,113
10,espécies, espécie,106
12,sede, solo,102
13,sede, bezerro,95
14,sede, pequeno,89
15,seca, seco,79
16,sede, lactação,77
17,sede, sistema,77
18,sede, forrageira,76
19,sede, animais,75
20,bovina, bovino,72
22,sede, espécie,66
23,sede, raça,64
25,concentração, concentrar,63
26,alta, alto,60
27,sede, mineral,60
28,sede, genético,57
29,sede, água,56
31,sede, parto,55
32,sede, rebanho,55
33,sede, doença,54
34,máximo, animal,52
36,sede, principal,51
37,sementes, semente,48
39,fatores, fator,48
41,sede, planta,47
43,sede, ordenha,46
44,sede, seco,46
45,sede, alto,45
47,instalações, instalação,44
48,sede, pastejo,44
51,sede, plantio,43
52,sede, proteína,43
56,sede, tratamento,40
58,novilha, novilho,39
60,sede, leiteiro,39
64,sede, forragem,38
65,nutrientes, nutriente,37
67,sede, baixo,37
68,sede, orgânico,37
69,sede, pasto,37
72,sede, bovino,36
73,sede, meio,36
74,cobre, cobrir,36
78,sede, alimento,34
88,zebuínas, raça,32
93,sede, gramínea,32
94,sede, temperatura,32
95,máximo, bom,32
96,leguminosa, leguminoso,31
97,pele, pelar,31
99,pelagem, pelar,31
102,peletizado, pelar,31
104,peladeira, pelar,31
105,sede, dieta,31
106,sede, natural,31
108,bezerra, vaca,31
111,espécies, forrageira,30
115,sede, medida,30
116,mamária, mamário,29
120,sede, brachiaria,29
121,sede, rebanhar,29
126,sede, corporal,28
127,sede, fator,28
128,sede, material,28
130,espécies, pastagem,27
133,sede, cultura,27
134,sede, instalação,27
135,sede, parte,27
140,decumbens, brachiaria,26
142,sede, bactéria,26
143,sede, cruzamento,26
144,sede, semente,26
146,líquida, líquido,25
149,sede, agente,25
150,sede, base,25
151,sede, cobrir,25
152,sede, concentrado,25
153,sede, nutriente,25
154,sede, teto,25
156,espécies, animal,24
162,zebuínas, zebuína,24
164,sede, elevar,24
165,sede, identificar,24
166,sede, modo,24
167,sede, técnico,24
168,máximo, vaca,24
169,brizantha, brachiaria,23
174,sede, fase,23
175,sede, fósforo,23
176,sede, resíduo,23
177,sede, silagem,23
178,sede, teor,23
179,sede, volumoso,23
180,térmica, térmico,22
184,perda, perder,22
186,capineira, capineiro,22
187,sede, concentrar,22
188,sede, garantir,22
189,sede, piquete,22
190,concentração, volumoso,21
201,sede, holandês,21
202,sede, método,21
203,sede, novilho,21
204,sede, perda,21
205,sede, presença,21
206,sede, puro,21
215,sede, chuva,20
216,sede, cuidado,20
217,sede, silo,20
218,sede, taxa,20
219,sede, tropical,20
220,máximo, pequeno,20
221,leguminosa, gramínea,19
228,espécies, solo,19
240,animais, pequeno,19
244,sede, artificial,19
245,sede, embrião,19
246,sede, gordura,19
247,sede, médio,19
248,sede, pelar,19
251,bezerra, bom,19
252,minerais, vaca,18
255,tomada, tomar,18
265,planta, plantar,18
268,novilha, vaca,18
275,animais, cruzamento,18
278,sede, cobertura,18
279,sede, fêmea,18
280,sede, leguminoso,18
281,sede, mestiço,18
282,sede, sintoma,18
283,cobre, vaca,18
293,espécies, bom,17
300,animais, lactação,17
302,animais, pasto,17
304,sede, antibiótico,17
305,sede, capim,17
306,sede, esterco,17
307,sede, maneira,17
308,sede, nitrogênio,17
309,sede, objetivo,17
310,sede, reprodutivo,17
311,máximo, forragem,17
312,máximo, pastagem,17
314,mamário, bezerro,16
315,mamária, bezerro,16
325,inseminador, vaca,16
336,animais, leiteiro,16
337,mamadeira, bezerro,16
340,sede, adulto,16
341,sede, concentração,16
342,sede, gene,16
343,sede, gestação,16
344,sede, infecção,16
345,sede, mão,16
346,sede, suficiente,16
348,microbiana, microbiano,16
350,minerais, dieta,15
362,entrada, entrar,15
371,parte, vaca,15
372,instalações, animal,15
374,animais, água,15
377,entressafra, entrar,15
379,sede, acasalamento,15
380,sede, alta,15
381,sede, eficiente,15
382,sede, mamário,15
383,sede, obra,15
384,sede, recomendação,15
385,sede, zebuína,15
387,mamário, mamar,14
389,mamária, mamar,14
390,mamária, vaca,14
396,sementes, solo,14
397,concentração, mineral,14
410,glândula, glândular,14
414,contaminação, contaminar,14
417,cortado, cortar,14
425,animais, corporal,14
426,animais, forragem,14
427,animais, temperatura,14
428,mamadeira, mamar,14
435,seca, dieta,14
437,sede, braquiária,14
438,sede, cocho,14
439,sede, exame,14
440,sede, fosfato,14
441,sede, irrigação,14
442,sede, líquido,14
443,sede, medicamento,14
444,sede, médico,14
445,sede, população,14
446,sede, químico,14
447,sede, ração,14
448,sede, seca,14
450,bezerra, mamar,14
451,verão, ver,13
458,via, ver,13
465,decumbens, decumbem,13
473,magra, magro,13
474,animais, mineral,13
477,sede, associação,13
478,sede, clínico,13
479,sede, estresse,13
480,sede, filho,13
481,sede, heterose,13
482,sede, invasor,13
483,sede, organismo,13
484,sede, térmico,13
486,consumidor, consumir,13
488,pico, picar,12
489,mamária, glândular,12
491,variação, animal,12
492,parteiro, vaca,12
497,concentração, bezerro,12
508,picada, picar,12
509,partícula, vaca,12
510,recomendação, vaca,12
525,líquida, esterco,12
526,fatores, animal,12
527,secador, secar,12
539,seca, secar,12
540,seco, secar,12
541,sede, análise,12
542,sede, célula,12
543,sede, fácil,12
544,sede, físico,12
545,sede, macho,12
546,sede, plantar,12
547,sede, procedimento,12
548,sede, recurso,12
549,sede, tóxico,12
550,sede, vacar,12
552,máximo, genético,12
553,máximo, raça,12
555,bezerra, concentrar,12
561,mamária, ordenha,11
562,mamária, quarto,11
563,leguminosa, pastagem,11
564,brizantha, brizanthar,11
565,minerais, animal,11
572,sementes, pastagem,11
574,concentração, dieta,11
575,trator, animal,11
576,bovina, animal,11
595,infestações, infestação,11
596,recomendação, pastagem,11
597,espécies, forragem,11
598,espécies, planta,11
608,novilha, bom,11
626,zebuínas, vaca,11
627,animais, adulto,11
628,animais, alto,11
629,animais, bezerro,11
630,animais, bovino,11
637,desmama, bezerro,11
638,desmame, bezerro,11
644,sede, descartar,11
645,sede, efeito,11
646,sede, gir,11
647,sede, hormônio,11
648,sede, humano,11
649,sede, limpo,11
650,sede, nutricional,11
651,sede, rotativo,11
652,sede, subclínica,11
654,máximo, pasto,11
657,demora, demorar,11
658,demora, vaca,11
659,minerais, bom,10
660,minerais, proteína,10
661,minerais, vitamina,10
669,concentrado, ração,10
676,sementes, plantio,10
677,fêmea, fêmeo,10
689,adubo, adubar,10
730,tecidos, tecido,10
734,animais, afetar,10
735,animais, elevar,10
736,animais, principal,10
738,animais, seco,10
740,animais, tratamento,10
748,seca, base,10
749,seca, limpo,10
750,seca, volumoso,10
754,sede, consumir,10
755,sede, energético,10
756,sede, febre,10
757,sede, magnésio,10
758,sede, microbiano,10
759,sede, monta,10
760,sede, oferecer,10
761,sede, reprodutor,10
762,sede, resistente,10
763,sede, risco,10
764,sede, tomar,10
766,máximo, forrageira,10
767,máximo, lactação,10
774,bezerra, doença,10
775,bezerra, ordenha,10
776,minerais, bovino,9
777,minerais, concentrar,9
780,crioscopia, animal,9
781,crioscopia, bezerro,9
782,térmica, estresse,9
787,concentrado, alimento,9
797,monta, vaca,9
800,concentração, ração,9
805,bovina, mineral,9
810,ordenhador, teto,9
819,criopreservação, animal,9
820,criopreservação, bezerro,9
835,recomendação, espécie,9
839,espécies, gramínea,9
849,nutrientes, vaca,9
851,parasitária, bovino,9
852,parasitária, parasitário,9
866,alta, forragem,9
867,alta, pastagem,9
868,alta, proteína,9
884,instalações, sistema,9
885,zebuínas, holandês,9
890,animais, alta,9
892,animais, exigência,9
894,estimulante, estimular,9
904,seca, parto,9
905,seca, proteína,9
906,crioscópico, animal,9
907,crioscópico, bezerro,9
911,sede, aproveitamento,9
912,sede, ar,9
913,sede, calcário,9
914,sede, diarreia,9
915,sede, enxofre,9
916,sede, fértil,9
917,sede, inverno,9
918,sede, lembrar,9
919,sede, mamar,9
920,sede, mosca,9
921,sede, máximo,9
922,sede, mãe,9
923,sede, picar,9
924,sede, praga,9
925,sede, quarto,9
926,sede, semeadura,9
927,sede, vitamina,9
929,máximo, pastejo,9
930,máximo, rebanho,9
936,bezerra, pequeno,9
937,bezerra, principal,9
940,obesa, vaca,8
941,mamária, lactação,8
942,minerais, fósforo,8
947,mocha, mocho,8
953,concentrado, água,8
954,ácido, ácer,8
956,colhedeira, colher,8
959,sementes, germinação,8
961,fêmea, vaca,8
963,concentração, alimento,8
964,concentração, bom,8
965,concentração, nutriente,8
967,concentração, proteína,8
989,aveia, avear,8
991,colheita, colher,8
1014,inseminador, cobrir,8
1017,recomendação, seco,8
1020,espécies, forrageiro,8
1021,espécies, grande,8
1022,espécies, pastejo,8
1039,zebuínos, zebuíno,8
1054,alta, forrageira,8
1055,alta, pequeno,8
1056,perda, corporal,8
1073,suplemento, suplementar,8
1074,acasalamento, acasalar,8
1075,zebuínas, animal,8
1076,zebuínas, gir,8
1083,animais, brachiaria,8
1084,animais, filho,8
1086,animais, holandês,8
1087,animais, identificar,8
1089,animais, tóxico,8
1090,animais, zebuína,8
1091,aproveitamento, aproveitar,8
1100,desmama, desmamar,8
1101,desmame, desmamar,8
1102,seca, concentrar,8
1104,seca, pequeno,8
1105,seca, teor,8
1111,sede, afetar,8
1112,sede, aveia,8
1113,sede, calagem,8
1114,sede, capineiro,8
1115,sede, cerca,8
1116,sede, desinfecção,8
1117,sede, dose,8
1118,sede, ensilar,8
1119,sede, guzerá,8
1120,sede, infeccioso,8
1121,sede, interferir,8
1122,sede, manual,8
1123,sede, nutritivo,8
1124,sede, parasita,8
1125,sede, quente,8
1126,sede, sanitário,8
1127,sede, sexo,8
1128,sede, somático,8
1129,sede, superpastejo,8
1130,sede, vitro,8
1131,sede, zebu,8
1132,sede, ácidos,8
1133,sede, árvore,8
1136,máximo, animais,8
1137,máximo, natural,8
1138,máximo, parte,8
1139,máximo, sistema,8
1140,máximo, água,8
1146,salobra, água,8
1149,cobre, bom,8
1150,cobre, cocho,8
1151,cobre, mineral,8
1155,bezerra, abrigo,8
1156,bezerra, animal,8
1157,bezerra, precoce,8
1158,bezerra, raça,8
1161,obeso, vaca,7
1163,mamária, glândula,7
1164,leguminosa, nitrogênio,7
1165,leguminosa, sistema,7
1166,minerais, água,7
1171,mocha, chifre,7
1174,variação, pastagem,7
1175,variação, solo,7
1181,concentrado, proteína,7
1182,gênero, gênerar,7
1194,sementes, pequeno,7
1202,bovina, agente,7
1227,aveia, plantio,7
1234,humidicola, brachiaria,7
1245,entrada, vaca,7
1254,recomendação, animal,7
1256,recomendação, dieta,7
1257,recomendação, solo,7
1262,espécies, alto,7
1263,espécies, animais,7
1264,espécies, fator,7
1284,cruza, cruzar,7
1289,nutrientes, mineral,7
1291,diluição, diluir,7
1292,parasitária, tristeza,7
1296,novilha, grande,7
1297,novilha, parto,7
1307,componentes, animal,7
1308,componentes, componente,7
1309,aminoácido, proteína,7
1313,fatores, pastagem,7
1319,alta, espécie,7
1329,secador, vaca,7
1344,parto, gestação,7
1352,instalações, bom,7
1353,zebuínas, cruzamento,7
1360,cruzamento, cruzar,7
1362,animais, infecção,7
1363,animais, lote,7
1364,animais, novilho,7
1365,animais, oferecer,7
1366,animais, organismo,7
1367,animais, parto,7
1368,animais, proteína,7
1369,animais, resíduo,7
1370,animais, samambaia,7
1372,tratamento, pastagem,7
1373,mamadeira, vaca,7
1389,entressafra, vaca,7
1390,seca, bezerro,7
1397,sede, abrigo,7
1398,sede, anestro,7
1399,sede, apetite,7
1400,sede, biológico,7
1401,sede, brizanthar,7
1402,sede, ciclo,7
1403,sede, componente,7
1404,sede, densidade,7
1405,sede, excesso,7
1406,sede, fibra,7
1407,sede, genoma,7
1408,sede, gradagem,7
1409,sede, gênerar,7
1410,sede, larva,7
1411,sede, lavar,7
1412,sede, lote,7
1413,sede, mecânico,7
1414,sede, mocho,7
1415,sede, morte,7
1416,sede, máquina,7
1417,sede, partícula,7
1418,sede, perder,7
1419,sede, potássio,7
1420,sede, preparar,7
1421,sede, pé,7
1422,sede, rufião,7
1423,sede, ver,7
1424,sede, útero,7
1431,máximo, bezerro,7
1432,máximo, espécie,7
1433,máximo, garantir,7
1434,máximo, parto,7
1435,máximo, planta,7
1437,microbiana, população,7
1454,bezerra, concentrado,7
1455,bezerra, desmamar,7
1456,bezerra, lactação,7
1457,bezerra, presença,7
1458,bezerra, sistema,7
1461,distúrbio, vaca,6
1462,leguminosa, solo,6
1463,brizantha, decumbem,6
1464,minerais, balancear,6
1465,minerais, lactação,6
1466,minerais, magnésio,6
1467,minerais, volumoso,6
1473,crioscopia, vaca,6
1474,térmica, animal,6
1479,mocha, gene,6
1484,variação, vaca,6
1486,ordenha, lavar,6
1494,parteiro, bezerro,6
1499,medida, medir,6
1511,fibra, vaca,6
1518,sementes, forrageira,6
1519,sementes, semeadura,6
1522,medo, medir,6
1531,concentração, seco,6
1532,concentração, solo,6
1533,trator, vaca,6
1544,bovina, doença,6
1545,bovina, parasitário,6
1546,bovina, tristeza,6
1557,ordenhador, bezerro,6
1587,criopreservação, vaca,6
1610,partícula, bezerro,6
1616,recomendação, forrageira,6
1617,recomendação, pequeno,6
1618,recomendação, plantio,6
1620,recomendação, técnico,6
1626,espécies, associação,6
1627,espécies, brachiaria,6
1628,espécies, braquiária,6
1629,espécies, tropical,6
1641,espécie, brachiaria,6
1645,cruza, raça,6
1646,cruza, vaca,6
1649,gramínea, brachiaria,6
1663,diluição, água,6
1667,novilha, animal,6
1668,novilha, bezerro,6
1678,decumbens, brizanthar,6
1688,componentes, sistema,6
1690,rebanho, bezerro,6
1697,mutica, brachiaria,6
1698,fatores, bom,6
1699,fatores, espécie,6
1700,fatores, principal,6
1701,fatores, solo,6
1706,alta, grande,6
1707,alta, raça,6
1708,alta, sistema,6
1733,desinfetantes, teto,6
1735,parte, bezerro,6
1736,parte, genético,6
1737,instalações, bezerro,6
1738,instalações, grande,6
1739,zebuínas, guzerá,6
1740,zebuínas, mestiço,6
1741,magra, gordo,6
1746,tanques, tanque,6
1750,animais, acasalamento,6
1751,animais, capim,6
1752,animais, componente,6
1753,animais, cuidado,6
1755,animais, doente,6
1756,animais, fêmea,6
1757,animais, físico,6
1758,animais, fósforo,6
1761,animais, morte,6
1762,animais, nutriente,6
1763,animais, parte,6
1764,animais, térmico,6
1768,tratamento, quarto,6
1790,desmame, precoce,6
1794,crioscópico, vaca,6
1802,sede, adubar,6
1803,sede, auxiliar,6
1804,sede, balanço,6
1805,sede, bezerreiro,6
1806,sede, bula,6
1807,sede, cama,6
1808,sede, certo,6
1809,sede, combate,6
1810,sede, compactação,6
1811,sede, contaminação,6
1812,sede, corpo,6
1813,sede, cortar,6
1814,sede, decumbem,6
1815,sede, descendente,6
1816,sede, digerir,6
1817,sede, esperar,6
1818,sede, estéril,6
1819,sede, exigência,6
1820,sede, fermentação,6
1821,sede, forrageiro,6
1822,sede, frasco,6
1823,sede, fêmeo,6
1824,sede, gel,6
1825,sede, germinação,6
1826,sede, glândula,6
1827,sede, imunológico,6
1828,sede, ingrediente,6
1829,sede, inseto,6
1830,sede, intoxicação,6
1831,sede, lactose,6
1832,sede, lento,6
1833,sede, madeira,6
1834,sede, magro,6
1835,sede, metabólico,6
1836,sede, microbiológico,6
1837,sede, orientar,6
1838,sede, panicum,6
1839,sede, parâmetro,6
1840,sede, precoce,6
1841,sede, samambaia,6
1842,sede, subtropical,6
1843,sede, terapia,6
1844,sede, tolerante,6
1845,sede, vegetal,6
1846,sede, vegetativo,6
1847,sede, verme,6
1848,sede, zebuíno,6
1849,sede, ácer,6
1859,pesagem, pesar,6
1860,máximo, artificial,6
1861,máximo, cultura,6
1862,máximo, dieta,6
1863,máximo, fêmea,6
1864,máximo, heterose,6
1865,máximo, instalação,6
1866,máximo, leiteiro,6
1867,máximo, perda,6
1868,máximo, taxa,6
1869,presença, gene,6
1889,bezerra, fase,6
1890,bezerra, grande,6
1891,bezerra, mãe,6
1892,bezerra, novilho,6
1893,bezerra, parto,6
1894,bezerra, proteína,6
1895,bezerra, pé,6
1896,bezerra, teto,6
1898,verão, animal,5
1903,obesa, obeso,5
1905,mamária, animal,5
1906,mamária, parto,5
1907,mamária, sistema,5
1908,minerais, base,5
1909,minerais, cobrir,5
1910,minerais, cocho,5
1911,minerais, nutriente,5
1912,minerais, parto,5
1917,crioscopia, bom,5
1918,térmica, sistema,5
1934,ordenha, raça,5
1939,pele, bom,5
1940,pele, vaca,5
1941,pele, água,5
1943,homeopático, medicamento,5
1944,tomada, cuidado,5
1945,bernes, berne,5
1946,bernes, mosca,5
1949,estresse, estressar,5
1950,parteiro, bom,5
1954,concentrado, nutriente,5
1956,concentrado, pasto,5
1957,gênero, brachiaria,5
1958,geada, gear,5
1967,irrigação, pastagem,5
1978,pelagem, bom,5
1979,pelagem, vaca,5
1980,pelagem, água,5
1981,sementes, braquiária,5
1982,estimular, bezerro,5
1984,fêmea, embrião,5
1991,medo, vaca,5
1997,monta, montar,5
2000,sofrimento, animal,5
2005,concentração, base,5
2008,concentração, pelar,5
2009,drenagem, drenar,5
2013,trator, pastagem,5
2014,trator, quarto,5
2023,solo, garantir,5
2032,lagoa, líquido,5
2033,bovina, bom,5
2049,isolamento, doença,5
2050,compactação, pequeno,5
2051,ordenhador, desinfecção,5
2052,ordenhador, manual,5
2064,somatotropina, raça,5
2086,criopreservação, bom,5
2105,sintoma, instalação,5
2133,picada, pequeno,5
2135,inseminador, bom,5
2137,comercial, comer,5
2138,partícula, bom,5
2139,partícula, silo,5
2144,levedura, animal,5
2145,levedura, vaca,5
2147,recomendação, bovino,5
2149,recomendação, lactação,5
2150,recomendação, mineral,5
2151,recomendação, orgânico,5
2152,recomendação, pelar,5
2153,recomendação, tratamento,5
2154,recomendação, água,5
2166,espécies, cigarra,5
2167,espécies, leguminoso,5
2168,espécies, mosca,5
2169,espécies, pasto,5
2180,contaminação, bactéria,5
2185,heterozigoto, mocho,5
2192,medir, vaca,5
2196,rebanhar, sistema,5
2202,ingrediente, vaca,5
2203,gramínea, gramíneo,5
2205,objetivo, solo,5
2216,nutrientes, animal,5
2217,nutrientes, bom,5
2220,diluição, sistema,5
2221,parasitária, agente,5
2224,limpo, limpar,5
2226,novilha, cobrir,5
2227,novilha, pequeno,5
2231,zebuínos, raça,5
2247,forragem, mineral,5
2252,semeadura, semear,5
2253,desmamar, vaca,5
2254,homozigoto, mocho,5
2255,rebanho, medida,5
2257,rebanho, pequeno,5
2258,rebanho, puro,5
2260,rebanho, taxa,5
2262,reação, gel,5
2263,carrapaticida, carrapaticidar,5
2267,genético, gene,5
2271,fatores, vaca,5
2273,procedimento, vaca,5
2276,alto, raça,5
2279,maneira, bezerro,5
2280,alta, concentração,5
2281,alta, doença,5
2282,alta, mineral,5
2283,alta, nutriente,5
2284,alta, tropical,5
2285,perda, animal,5
2287,perda, proteína,5
2291,suficiente, vaca,5
2314,parto, genético,5
2315,parto, raça,5
2317,desinfetantes, desinfetante,5
2318,desinfetantes, desinfetar,5
2321,semeadeira, semear,5
2322,parte, principal,5
2323,parte, proteína,5
2326,parte, teto,5
2327,suplemento, concentrar,5
2329,suplemento, pasto,5
2333,instalações, principal,5
2334,zebuínas, genético,5
2335,zebuínas, puro,5
2336,magra, bom,5
2337,magra, corporal,5
2346,aptidão, gir,5
2351,cruzamento, grande,5
2355,animais, ar,5
2356,animais, calor,5
2357,animais, concentração,5
2358,animais, doador,5
2359,animais, efeito,5
2360,animais, embrião,5
2361,animais, gramínea,5
2362,animais, leguminoso,5
2364,animais, modo,5
2365,animais, nutricional,5
2367,animais, recurso,5
2368,animais, resistente,5
2369,estimulante, bezerro,5
2372,peletizado, bom,5
2373,peletizado, vaca,5
2374,peletizado, água,5
2382,tratamento, sintoma,5
2383,mamadeira, ordenha,5
2398,desinfetante, desinfetar,5
2400,desmama, vaca,5
2401,desmame, vaca,5
2403,seca, abrigo,5
2404,seca, chuva,5
2405,seca, concentrado,5
2407,seca, mineral,5
2408,seca, pastagem,5
2410,seca, água,5
2418,crioscópico, bom,5
2419,capineira, bom,5
2420,capineira, solo,5
2428,peladeira, vaca,5
2429,peladeira, água,5
2430,zebuíno, raça,5
2435,sede, acesso,5
2436,sede, aminoácido,5
2437,sede, baia,5
2438,sede, balancear,5
2439,sede, bebedouro,5
2440,sede, calor,5
2441,sede, carrapaticida,5
2442,sede, chifre,5
2443,sede, cigarra,5
2444,sede, comercial,5
2445,sede, compostagem,5
2446,sede, contagioso,5
2447,sede, contaminar,5
2448,sede, desmamar,5
2449,sede, diluir,5
2450,sede, distúrbio,5
2451,sede, entrada,5
2452,sede, entrar,5
2453,sede, estimular,5
2454,sede, ferramenta,5
2455,sede, floração,5
2456,sede, gestante,5
2457,sede, glândular,5
2458,sede, gordo,5
2459,sede, incidência,5
2460,sede, infestação,5
2461,sede, insumo,5
2462,sede, laboratório,5
2463,sede, lagoa,5
2464,sede, luminosidade,5
2465,sede, luz,5
2466,sede, lácteo,5
2467,sede, núcleo,5
2468,sede, obtenção,5
2469,sede, odor,5
2470,sede, operação,5
2471,sede, ovo,5
2472,sede, oócito,5
2473,sede, parasitário,5
2474,sede, pilha,5
2475,sede, planejamento,5
2476,sede, procurar,5
2477,sede, raiz,5
2478,sede, reter,5
2479,sede, sol,5
2480,sede, sombrite,5
2481,sede, substância,5
2482,sede, tristeza,5
2483,sede, vacina,5
2484,sede, verão,5
2485,sede, ácido,5
2486,sede, órgão,5
2487,sede, útil,5
2489,regime, forrageira,5
2493,rasteira, pastejo,5
2494,máximo, alimento,5
2495,máximo, alto,5
2496,máximo, baixo,5
2497,máximo, cobertura,5
2498,máximo, elevar,5
2499,máximo, meio,5
2500,máximo, médio,5
2501,máximo, novilho,5
2502,máximo, nutritivo,5
2503,máximo, pelar,5
2504,máximo, plantio,5
2505,máximo, principal,5
2506,máximo, proteína,5
2507,máximo, reprodutivo,5
2510,presença, mocho,5
2513,microbiana, contaminação,5
2514,microbiana, proteína,5
2526,coma, comer,5
2528,demora, parto,5
2531,consumidor, animal,5
2532,ácidos, ácido,5
2533,somático, raça,5
2537,cobre, novilho,5
2538,cobre, solo,5
2547,bezerra, alimento,5
2548,bezerra, cuidado,5
2549,bezerra, imunoglobulina,5
2550,bezerra, instalação,5
2551,bezerra, pastagem,5
2555,pico, forrageira,4
2556,pico, pequeno,4
2557,conservante, silagem,4
2560,cova, plantio,4
2562,verão, inverno,4
2563,verão, plantio,4
2566,mamário, infecção,4
2567,mamário, medicamento,4
2568,mamária, infecção,4
2569,mamária, medicamento,4
2570,leguminosa, animal,4
2571,leguminosa, bom,4
2572,leguminosa, espécie,4
2573,leguminosa, semente,4
2574,brizantha, panicum,4
2575,minerais, concentrado,4
2576,minerais, corporal,4
2577,minerais, seco,4
2578,minerais, sistema,4
2582,leguminoso, semente,4
2584,emagrecimento, vaca,4
2586,térmico, instalação,4
2591,semear, semente,4
2592,térmica, bom,4
2593,térmica, instalação,4
2599,doença, base,4
2607,infectante, infectar,4
2609,cor, pequeno,4
2611,afetar, fósforo,4
2613,afetar, vaca,4
2619,proporção, material,4
2620,variação, animais,4
2621,variação, chuva,4
2622,variação, espécie,4
2623,variação, raça,4
2624,variação, rebanhar,4
2625,variação, sistema,4
2626,variação, teor,4
2629,ordenha, cuidado,4
2630,ordenha, infecção,4
2631,ordenha, lactação,4
2633,ordenha, pequeno,4
2635,sugador, inseto,4
2637,pele, genético,4
2638,cupim, pastagem,4
2639,treinamento, vaca,4
2641,infectocontagiosa, infectar,4
2642,sintomático, instalação,4
2644,infestação, infestar,4
2647,parteiro, animal,4
2648,parteiro, genético,4
2649,parteiro, mestiço,4
2652,núcleo, embrião,4
2653,concentrado, cocho,4
2654,concentrado, forrageira,4
2656,concentrado, pelar,4
2657,concentrado, precoce,4
2658,concentrado, silagem,4
2659,concentrado, suplementar,4
2660,gênero, bactéria,4
2661,anaeróbia, sistema,4
2664,infraestrutura, vaca,4
2665,alumínio, pastagem,4
2671,corporal, magro,4
2674,irrigação, gramínea,4
2675,irrigação, plantio,4
2676,irrigação, seca,4
2679,célula, parto,4
2680,químico, pastagem,4
2681,digestão, digestãar,4
2682,digestão, sistema,4
2685,guzerá, guzer,4
2702,fibra, proteína,4
2707,principal, gordura,4
2713,pelagem, genético,4
2714,pelagem, grande,4
2715,pelagem, pequeno,4
2716,sementes, bom,4
2717,estimular, vaca,4
2718,fêmea, cobertura,4
2719,fêmea, novilho,4
2725,medo, animal,4
2728,fêmeo, vaca,4
2729,teor, açúcar,4
2732,teor, volumoso,4
2734,sintomatologia, instalação,4
2736,libido, liber,4
2741,cigarra, brachiaria,4
2745,meio, genético,4
2748,concentração, alto,4
2749,concentração, forragem,4
2751,concentração, silagem,4
2752,concentração, suplementar,4
2756,trator, esterco,4
2757,trator, grande,4
2758,trator, resíduo,4
2759,trator, seco,4
2760,germinação, plantio,4
2769,solo, instalação,4
2779,solo, árvore,4
2781,material, silo,4
2782,bovina, leiteiro,4
2783,bovina, rebanho,4
2791,baixo, bezerro,4
2798,adubar, gramínea,4
2801,balanço, pequeno,4
2803,útil, animal,4
2804,orientar, instalação,4
2809,picar, pequeno,4
2810,agente, base,4
2813,agente, pequeno,4
2821,silagem, ar,4
2824,silagem, perda,4
2825,ruminal, proteína,4
2827,pelar, bom,4
2828,pelar, genético,4
2833,descendente, bezerro,4
2834,descendente, descer,4
2835,adubo, animal,4
2836,adubo, gramínea,4
2837,adubo, pastagem,4
2838,adubo, solo,4
2842,rótulo, mineral,4
2846,ordenhador, cuidado,4
2847,ordenhador, lavar,4
2859,taxa, solo,4
2878,animal, medicamento,4
2893,animal, árvore,4
2894,temperatura, bezerro,4
2903,aveia, semente,4
2904,planta, cobertura,4
2906,planta, gramínea,4
2912,criopreservação, embrião,4
2913,ventilação, ventilar,4
2918,colheita, plantio,4
2920,grande, base,4
2938,grande, rotativo,4
2940,grande, silo,4
2946,fertirrigação, sistema,4
2950,chuva, bom,4
2953,chuva, sistema,4
2957,sistema, genético,4
2971,sobreordenha, teto,4
2972,gordo, bom,4
2982,dieta, ruminal,4
2985,cultura, líquido,4
2986,entrada, pasto,4
2987,reter, vaca,4
2988,íom, água,4
2991,ver, animal,4
2992,picada, forrageira,4
2995,vedação, silo,4
2996,via, animal,4
2997,via, vaca,4
2998,comercial, concentrar,4
2999,comercial, mineral,4
3000,glândula, célula,4
3001,partícula, animal,4
3002,partícula, genético,4
3003,partícula, gordura,4
3004,partícula, mestiço,4
3010,reprodutivo, parto,4
3019,emagreceu, vaca,4
3020,infestações, grande,4
3021,infestações, infestar,4
3024,recomendação, diluir,4
3025,recomendação, fabricante,4
3026,recomendação, grande,4
3027,recomendação, ordenha,4
3028,recomendação, pastejo,4
3029,recomendação, rebanho,4
3030,recomendação, resíduo,4
3031,recomendação, sistema,4
3032,pasto, bezerro,4
3034,pasto, gramínea,4
3054,pasta, espécie,4
3055,fresca, fresco,4
3056,espécies, cultura,4
3057,espécies, doença,4
3058,espécies, exigência,4
3059,espécies, inseto,4
3060,espécies, lactação,4
3061,espécies, panicum,4
3062,espécies, plantar,4
3063,espécies, vaca,4
3078,molécula, molécular,4
3082,tóxico, samambaia,4
3083,natalidade, bezerro,4
3084,natalidade, médio,4
3088,contaminação, animal,4
3094,alimento, pequeno,4
3098,heterozigoto, gene,4
3100,diarreia, infeccioso,4
3102,portadora, portador,4
3103,acesso, pastagem,4
3106,administração, vaca,4
3120,espécie, inseto,4
3125,acasalar, vaca,4
3129,instalação, seco,4
3130,instalação, tratamento,4
3132,ingrediente, bom,4
3134,queima, queimar,4
3140,armazenagem, sistema,4
3141,cobalto, magnésio,4
3152,nutrientes, concentrar,4
3153,nutrientes, grande,4
3154,nutrientes, planta,4
3155,delgar, proteína,4
3158,descer, bezerro,4
3162,abrasividade, bom,4
3163,abrasividade, silo,4
3164,novilha, gestação,4
3165,novilha, rebanho,4
3167,aeróbia, sistema,4
3168,zebuínos, vaca,4
3169,integração, cultura,4
3170,integração, sistema,4
3172,enxofre, fósforo,4
3177,pastagem, cobertura,4
3201,magnésio, bicarbonato,4
3202,magnésio, dieta,4
3204,magnésio, água,4
3206,detenção, sistema,4
3210,queimada, queimar,4
3212,misturador, mineral,4
3213,semeadura, pastagem,4
3215,semeadura, plantio,4
3216,desmamar, precoce,4
3221,líquida, sistema,4
3222,líquida, tratamento,4
3223,líquida, vaca,4
3224,homozigoto, gene,4
3226,aminoácido, aminar,4
3227,aminoácido, microbiano,4
3228,rebanho, acasalamento,4
3232,rebanho, cruzamento,4
3234,rebanho, macho,4
3235,rebanho, meio,4
3237,rebanho, presença,4
3253,fatores, afetar,4
3254,fatores, animais,4
3255,fatores, forrageira,4
3256,fatores, infecção,4
3257,fatores, interferir,4
3258,fatores, lactação,4
3259,fatores, sistema,4
3260,fatores, temperatura,4
3261,prever, parto,4
3270,leiteiro, holandês,4
3275,cetose, vaca,4
3276,vacar, bezerro,4
3279,maneira, gene,4
3280,maneira, mocho,4
3281,maneira, vaca,4
3282,técnico, bom,4
3285,técnico, genético,4
3286,técnico, vaca,4
3287,ectoparasita, grande,4
3289,alta, baixo,4
3290,alta, bezerro,4
3291,alta, elevar,4
3292,alta, febre,4
3293,alta, genético,4
3294,alta, seco,4
3295,alta, solo,4
3296,perda, animais,4
3299,perda, gordura,4
3300,perda, lactação,4
3301,perda, pequeno,4
3307,eficiente, carrapaticida,4
3317,tropical, pequeno,4
3318,secador, parto,4
3346,parto, adulto,4
3347,parto, cobertura,4
3348,parto, concentrar,4
3351,parto, holandês,4
3353,parto, principal,4
3356,zebu, bezerro,4
3359,semeadeira, semente,4
3360,parte, gordura,4
3361,parte, mestiço,4
3362,parte, novilho,4
3363,parte, pelar,4
3364,suplemento, vaca,4
3365,suplemento, volumoso,4
3366,acasalamento, filho,4
3367,macho, raça,4
3368,doador, embrião,4
3369,instalações, animais,4
3370,instalações, doença,4
3371,instalações, seco,4
3372,instalações, tratamento,4
3373,instalações, vaca,4
3375,zebuínas, bezerro,4
3376,zebuínas, leiteiro,4
3377,magra, parto,4
3384,pequeno, proteína,4
3392,diferem, solo,4
3393,tecidos, animal,4
3394,tecidos, mamário,4
3395,tecidos, tecer,4
3396,aptidão, holandês,4
3398,bicarbonato, dieta,4
3400,montar, vaca,4
3405,animais, bactéria,4
3406,animais, bebedouro,4
3407,animais, cerca,4
3409,animais, comercial,4
3410,animais, concentrado,4
3411,animais, consumir,4
3412,animais, doméstico,4
3413,animais, eficiente,4
3414,animais, entrada,4
3415,animais, entrar,4
3416,animais, fase,4
3417,animais, fêmeo,4
3418,animais, gir,4
3419,animais, humano,4
3420,animais, larva,4
3421,animais, mamário,4
3422,animais, material,4
3423,animais, medicamento,4
3424,animais, máquina,4
3425,animais, mão,4
3426,animais, natural,4
3427,animais, núcleo,4
3428,animais, objetivo,4
3429,animais, obra,4
3430,animais, parasita,4
3431,animais, piquete,4
3432,animais, procedimento,4
3433,animais, quarto,4
3434,animais, rotativo,4
3435,animais, suficiente,4
3436,animais, taxa,4
3437,animais, unidade,4
3438,animais, árvore,4
3439,inimigo, natural,4
3440,estimulante, vaca,4
3444,peletizado, concentrar,4
3445,peletizado, genético,4
3446,aproveitamento, plantio,4
3447,aproveitamento, sistema,4
3448,digestãar, sistema,4
3452,descamação, bezerro,4
3453,descamação, descer,4
3454,tratamento, identificar,4
3455,tratamento, infecção,4
3459,tratamento, parto,4
3460,tratamento, seco,4
3462,fertilização, embrião,4
3463,fertilização, vitro,4
3472,bom, gir,4
3497,proteína, raça,4
3498,bicálcico, fósforo,4
3499,inoculação, parasita,4
3500,cruzar, raça,4
3501,cruzar, vaca,4
3502,desmama, precoce,4
3504,entressafra, animal,4
3505,seca, corporal,4
3506,seca, esterco,4
3507,seca, forragem,4
3508,seca, infecção,4
3509,seca, instalação,4
3510,seca, novilho,4
3511,seca, ordenha,4
3512,seca, parte,4
3513,seca, pelar,4
3514,seca, teto,4
3515,seca, tratamento,4
3521,seco, pastagem,4
3530,zebuína, bezerro,4
3533,peladeira, bom,4
3534,peladeira, genético,4
3535,zebuíno, vaca,4
3539,sede, acasalar,4
3540,sede, aditivo,4
3541,sede, alumínio,4
3542,sede, aminar,4
3543,sede, amônio,4
3544,sede, andrológico,4
3545,sede, ataque,4
3546,sede, açúcar,4
3547,sede, bacteriano,4
3548,sede, berne,4
3549,sede, bicarbonato,4
3550,sede, bicheira,4
3551,sede, casco,4
3552,sede, caule,4
3553,sede, cavalo,4
3554,sede, clonagem,4
3555,sede, cobalto,4
3556,sede, cobre,4
3557,sede, colher,4
3558,sede, confinar,4
3559,sede, cor,4
3560,sede, cítrico,4
3561,sede, demorar,4
3562,sede, desidratação,4
3563,sede, doador,4
3564,sede, doméstico,4
3565,sede, efluente,4
3566,sede, enfermidade,4
3567,sede, enzima,4
3568,sede, equino,4
3569,sede, ereto,4
3570,sede, escuro,4
3571,sede, estolão,4
3572,sede, fabricante,4
3573,sede, fenação,4
3574,sede, feto,4
3575,sede, financeiro,4
3576,sede, frio,4
3577,sede, fungo,4
3578,sede, gesso,4
3579,sede, gêmeo,4
3580,sede, gênero,4
3581,sede, herbicida,4
3582,sede, herdar,4
3583,sede, homeopatia,4
3584,sede, homeopático,4
3585,sede, híbrido,4
3586,sede, implantar,4
3587,sede, imunidade,4
3588,sede, imunoglobulina,4
3589,sede, indesejável,4
3590,sede, inflamatório,4
3591,sede, inflamação,4
3592,sede, intestino,4
3593,sede, intramamária,4
3594,sede, isolamento,4
3595,sede, lateral,4
3596,sede, limpar,4
3597,sede, maternidade,4
3598,sede, medir,4
3599,sede, molécular,4
3600,sede, motivo,4
3601,sede, ordenhador,4
3602,sede, ovulação,4
3603,sede, ovário,4
3604,sede, patógeno,4
3605,sede, placa,4
3606,sede, progênie,4
3607,sede, proliferação,4
3608,sede, proporção,4
3609,sede, reação,4
3610,sede, regime,4
3611,sede, ressemeadura,4
3612,sede, ruziziensil,4
3613,sede, sabor,4
3614,sede, secar,4
3615,sede, sementes,4
3616,sede, sombrear,4
3617,sede, sucedâneo,4
3618,sede, sulco,4
3619,sede, série,4
3620,sede, tanque,4
3621,sede, tecido,4
3622,sede, testículo,4
3623,sede, tolerância,4
3624,sede, transmissão,4
3625,sede, treinamento,4
3626,sede, unidade,4
3627,sede, utensílio,4
3628,sede, variação,4
3629,sede, velho,4
3630,sede, ventilar,4
3631,sede, vento,4
3632,sede, úmido,4
3634,silo, forragem,4
3635,gestação, bom,4
3638,gestação, novilho,4
3639,secar, parto,4
3643,nitrogênio, material,4
3644,nitrogênio, orgânico,4
3647,tecido, tecer,4
3648,identificar, bom,4
3651,cuidado, vaca,4
3653,regime, bom,4
3654,rasteira, planta,4
3655,rasteira, rasteiro,4
3656,pesagem, animal,4
3657,máximo, base,4
3658,máximo, bovino,4
3659,máximo, braquiária,4
3660,máximo, capim,4
3661,máximo, cobrir,4
3662,máximo, cocho,4
3663,máximo, compactação,4
3664,máximo, corporal,4
3665,máximo, doença,4
3666,máximo, filho,4
3667,máximo, forrageiro,4
3668,máximo, gestação,4
3669,máximo, gir,4
3670,máximo, holandês,4
3671,máximo, maneira,4
3672,máximo, medida,4
3673,máximo, nutriente,4
3674,máximo, população,4
3675,máximo, rebanhar,4
3676,máximo, risco,4
3677,máximo, rotativo,4
3678,máximo, seco,4
3679,máximo, silo,4
3680,máximo, temperatura,4
3681,máximo, teor,4
3683,presença, animal,4
3684,presença, chifre,4
3696,vegetativo, bom,4
3700,puro, genético,4
3703,óxido, bicarbonato,4
3704,óxido, dieta,4
3707,salobra, salobrar,4
3708,oócito, embrião,4
3709,lactente, bezerro,4
3710,intestino, proteína,4
3715,consumidor, água,4
3716,método, semente,4
3718,somático, parto,4
3721,garantir, animais,4
3723,garantir, parto,4
3733,bezerro, volumoso,4
3738,bezerra, agente,4
3739,bezerra, desaleitamento,4
3740,bezerra, holandês,4
3741,bezerra, meio,4
3742,bezerra, mestiço,4
3743,bezerra, médio,4
3744,bezerra, natural,4
3745,bezerra, ração,4
3746,bezerra, seco,4
3747,bezerra, volumoso,4
3749,gir, genético,4
3751,parir, vaca,4
3752,sanitário, vaca,4
3753,pico, silo,3
3755,conservante, silo,3
3756,reprodutor, genético,3
3757,reprodutor, monta,3
3758,reprodutor, vaca,3
3759,verão, grande,3
3763,mamário, agente,3
3764,mamário, antibiótico,3
3765,mamário, bom,3
3766,mamário, grande,3
3767,mamário, imunológico,3
3768,mamário, mineral,3
3769,mamário, mãe,3
3770,mamário, pequeno,3
3773,fermentação, silo,3
3774,mamária, agente,3
3775,mamária, antibiótico,3
3776,mamária, bom,3
3777,mamária, grande,3
3778,mamária, imunológico,3
3779,mamária, mineral,3
3780,mamária, mãe,3
3781,mamária, pequeno,3
3782,mamária, tecido,3
3783,abomaso, vaca,3
3784,leguminosa, arbusto,3
3785,leguminosa, forrageira,3
3786,leguminosa, forragem,3
3787,leguminosa, planta,3
3788,leguminosa, tropical,3
3789,leguminosa, árvore,3
3790,minerais, alimento,3
3791,minerais, alto,3
3792,minerais, gordura,3
3793,minerais, imunológico,3
3794,minerais, potássio,3
3795,minerais, rebanho,3
3796,minerais, reprodutivo,3
3797,minerais, suplemento,3
3798,minerais, óxido,3
3800,leguminoso, forragem,3
3802,leguminoso, tropical,3
3803,leguminoso, árvore,3
3804,calagem, base,3
3805,calagem, forrageira,3
3807,calagem, natural,3
3810,touceira, bom,3
3811,térmico, eficiente,3
3813,térmico, temperatura,3
3814,motivo, vaca,3
3816,piquete, bom,3
3817,piquete, cerca,3
3821,vegetal, bom,3
3823,vegetal, pastagem,3
3824,crioscopia, lactação,3
3825,crioscopia, parto,3
3826,crioscopia, raça,3
3827,crioscopia, sexo,3
3828,térmica, eficiente,3
3829,térmica, grande,3
3830,térmica, temperatura,3
3831,desfolha, pastagem,3
3833,espermatozoide, macho,3
3834,tamponante, bicarbonato,3
3835,tamponante, ruminal,3
3836,tamponante, vaca,3
3837,sexo, gêmeo,3
3838,sexo, vaca,3
3840,fisiológico, vaca,3
3841,bula, bulir,3
3842,bula, carrapaticida,3
3843,absorvível, animal,3
3844,absorvível, proteína,3
3845,febre, alto,3
3847,febre, perda,3
3853,doença, gênerar,3
3858,doença, pequeno,3
3861,biológico, gramínea,3
3862,biológico, tratamento,3
3863,tolerância, brachiaria,3
3864,tolerância, grande,3
3865,tolerância, holandês,3
3866,tolerância, solo,3
3867,afetar, infecção,3
3868,afetar, lactação,3
3869,afetar, mamário,3
3872,mineral, alto,3
3873,mineral, gordura,3
3874,mineral, imunológico,3
3880,rufião, grande,3
3881,rufião, vaca,3
3882,cérvix, parto,3
3883,proporção, lote,3
3884,variação, acasalamento,3
3885,variação, concentração,3
3886,variação, célula,3
3887,variação, elevar,3
3888,variação, grande,3
3889,variação, lactação,3
3890,variação, medida,3
3891,variação, médio,3
3892,variação, proteína,3
3893,variação, seco,3
3894,variação, somático,3
3895,manteiga, gordura,3
3897,ordenha, auxiliar,3
3898,ordenha, limpo,3
3902,ordenha, utensílio,3
3903,ordenha, via,3
3904,cru, técnico,3
3909,esterco, água,3
3913,pele, concentrar,3
3914,pele, grande,3
3915,pele, população,3
3916,pele, raça,3
3917,pele, ração,3
3918,pele, seco,3
3919,pele, solo,3
3920,sabor, enzima,3
3921,cirúrgico, testículo,3
3922,prolapso, parto,3
3923,aditivo, bicarbonato,3
3925,tomada, planejamento,3
3926,treinamento, mão,3
3927,treinamento, obra,3
3928,potássio, cobre,3
3929,potássio, manganês,3
3930,potássio, nitrogênio,3
3931,bernes, espécie,3
3932,caixa, cair,3
3933,caixa, térmico,3
3934,aureus, agalactiae,3
3935,aureus, aureu,3
3936,aureus, contagioso,3
3937,híbrido, cruzamento,3
3938,infestação, animal,3
3939,infestação, pequeno,3
3940,armazenamento, concentrar,3
3941,armazenamento, mineral,3
3944,estresse, corporal,3
3945,estresse, fator,3
3946,estresse, metabólico,3
3947,estresse, quente,3
3948,estresse, sistema,3
3949,estresse, temperatura,3
3951,estreptococo, coliforme,3
3952,parteiro, concentrado,3
3953,parteiro, fase,3
3954,parteiro, gestação,3
3955,parteiro, gordura,3
3956,parteiro, lactação,3
3957,parteiro, médio,3
3958,parteiro, novilho,3
3959,parteiro, parto,3
3960,parteiro, pelar,3
3961,parteiro, principal,3
3962,parteiro, proteína,3
3963,parteiro, raça,3
3964,parteiro, rebanho,3
3965,parteiro, teto,3
3968,gestante, bezerro,3
3970,gestante, vacar,3
3973,concentrado, chuva,3
3974,concentrado, comer,3
3975,concentrado, desmame,3
3976,concentrado, elevar,3
3977,concentrado, forragem,3
3979,concentrado, leiteiro,3
3980,concentrado, novilho,3
3981,concentrado, pastejo,3
3982,concentrado, rotativo,3
3983,concentrado, ruminal,3
3984,concentrado, tamponante,3
3985,pivô, aspersor,3
3988,gênero, associação,3
3989,gênero, doença,3
3991,anaeróbia, lagoa,3
3992,geada, solo,3
3993,pressãar, aspersor,3
3994,medida, bactéria,3
3995,medida, bezerro,3
3996,medida, bom,3
3997,medida, parto,3
4001,antibiose, brachiaria,3
4002,demanda, demandar,3
4003,tostar, vaca,3
4005,pus, presença,3
4011,corporal, fase,3
4014,corporal, parir,3
4018,irrigação, água,3
4019,ácido, fosfato,3
4020,ácido, meio,3
4021,ácido, solo,3
4024,esperar, heterose,3
4025,célula, corpo,3
4026,célula, inflamatório,3
4028,célula, proteína,3
4029,célula, vaca,3
4033,químico, sistema,3
4034,digestão, alimento,3
4035,digestão, bactéria,3
4036,digestão, fase,3
4037,digestão, proteína,3
4038,guzerá, aptidão,3
4039,guzerá, bom,3
4040,guzerá, genético,3
4045,obra, pastagem,3
4047,obtençãar, animal,3
4048,osso, fósforo,3
4055,colhedeira, plantio,3
4056,herbácea, herbáceo,3
4057,pilha, compostagem,3
4059,fibra, dieta,3
4060,fibra, leiteiro,3
4062,acetonemia, vaca,3
4064,fácil, solo,3
4066,elevar, ar,3
4067,elevar, base,3
4071,elevar, pequeno,3
4074,elevar, tropical,3
4075,arenoso, solo,3
4076,farinha, fósforo,3
4078,principal, cuidado,3
4080,principal, pastagem,3
4081,principal, pequeno,3
4082,principal, rebanho,3
4085,principal, temperatura,3
4088,pastejo, avear,3
4089,pastejo, brachiaria,3
4091,pastejo, cobertura,3
4093,pastejo, pequeno,3
4095,pastejo, presença,3
4099,pelagem, animal,3
4100,pelagem, concentrar,3
4101,pelagem, população,3
4102,pelagem, raça,3
4103,pelagem, ração,3
4104,pelagem, seco,3
4105,pelagem, solo,3
4106,sementes, aveia,3
4107,sementes, invasor,3
4108,sementes, leguminoso,3
4109,sementes, planta,3
4110,sementes, plântula,3
4111,sementes, semear,3
4113,hábito, pastejo,3
4115,arbusto, sistema,3
4116,arbusto, árvore,3
4117,humificação, fase,3
4119,fêmea, bezerro,3
4121,fêmea, estéril,3
4122,fêmea, filho,3
4123,fêmea, leiteiro,3
4124,fêmea, vitro,3
4125,bovino, alto,3
4126,bovino, base,3
4129,bovino, eficiente,3
4130,bovino, equino,3
4134,bovino, humano,3
4135,bovino, ovino,3
4139,ereto, bom,3
4141,interferir, animal,3
4151,teor, fósforo,3
4152,herbicida, plantio,3
4153,uterino, parto,3
4155,físico, bom,3
4156,físico, brachiaria,3
4157,físico, sistema,3
4158,físico, vaca,3
4160,unidade, brachiaria,3
4161,monta, animal,3
4163,libido, bom,3
4164,albumina, globulina,3
4165,albumina, gordura,3
4166,albumina, proteína,3
4167,dactylon, brachiaria,3
4169,dactylon, nlemfuensis,3
4170,prostração, prostrar,3
4171,efeito, bom,3
4172,efeito, mestiço,3
4175,vermelhinho, micuim,3
4176,utensílio, bezerro,3
4177,cigarra, inseto,3
4178,cigarra, pastagem,3
4180,cigarra, planta,3
4181,sofrimento, vaca,3
4183,heterose, bom,3
4184,heterose, filho,3
4186,heterose, pequeno,3
4190,meio, embrião,3
4191,meio, fosfato,3
4192,meio, garantir,3
4193,meio, gradagem,3
4195,meio, método,3
4196,meio, pequeno,3
4197,meio, placa,3
4198,meio, plantio,3
4199,meio, puro,3
4202,concentração, cocho,3
4203,concentração, comer,3
4204,concentração, concentrado,3
4205,concentração, fase,3
4206,concentração, forrageira,3
4207,concentração, intoxicação,3
4208,concentração, lactação,3
4209,concentração, magnésio,3
4210,concentração, parto,3
4211,concentração, pasto,3
4213,drenagem, mal,3
4214,drenagem, terreno,3
4216,teto, lote,3
4218,trator, antibiótico,3
4219,trator, lactação,3
4220,trator, ordenha,3
4221,trator, parto,3
4222,trator, pastejo,3
4223,trator, sintoma,3
4224,trator, técnico,3
4225,germinação, forrageira,3
4226,germinação, semeadura,3
4227,carbonato, água,3
4228,imunidade, bezerro,3
4229,resistente, raça,3
4230,cobrir, parto,3
4232,lençol, orgânico,3
4235,solo, ar,3
4242,solo, luz,3
4244,solo, modo,3
4247,solo, ovo,3
4249,solo, radiação,3
4250,solo, raio,3
4251,solo, resíduo,3
4252,solo, rotativo,3
4253,solo, seco,3
4255,solo, tolerante,3
4256,solo, tropical,3
4257,solo, vento,3
4259,digerir, fibra,3
4260,digerir, proteína,3
4263,material, compactação,3
4264,material, esterco,3
4266,material, organismo,3
4267,material, tanque,3
4269,lagoa, grande,3
4270,bovina, alto,3
4271,bovina, base,3
4272,bovina, bovil,3
4273,bovina, brachiaria,3
4274,bovina, cavalo,3
4275,bovina, eficiente,3
4276,bovina, equino,3
4277,bovina, estresse,3
4278,bovina, forrageira,3
4279,bovina, grande,3
4280,bovina, humano,3
4281,bovina, ovino,3
4282,bovina, pastagem,3
4283,bovina, samambaia,3
4284,bovina, sistema,3
4285,bovina, tratamento,3
4286,bovina, água,3
4287,mãe, animal,3
4288,mãe, filho,3
4290,mãe, vaca,3
4291,energético, gordura,3
4292,energético, pequeno,3
4293,baixo, alto,3
4296,baixo, doença,3
4297,baixo, genético,3
4300,baixo, pequeno,3
4302,baixo, principal,3
4306,mão, pastagem,3
4309,mosca, meio,3
4310,mosca, proliferação,3
4311,adubar, brachiaria,3
4317,perder, gordura,3
4319,dor, animal,3
4320,agilidade, bom,3
4321,agilidade, medicamento,3
4323,monórquidos, testículo,3
4325,picar, silo,3
4327,mau, vaca,3
4333,ataque, brachiaria,3
4335,fenação, bom,3
4338,descartar, genético,3
4341,silagem, hectare,3
4342,silagem, pequeno,3
4344,silagem, seca,3
4348,zootécnico, vaca,3
4352,pelar, raça,3
4353,pelar, ração,3
4355,pelar, solo,3
4356,microbiológico, bom,3
4357,capim, natural,3
4359,descendente, genético,3
4360,descendente, ordenha,3
4361,descendente, raça,3
4362,descendente, vaca,3
4365,praga, natural,3
4366,praga, pastagem,3
4368,desinfetar, teto,3
4369,adubo, brachiaria,3
4370,adubo, concentrado,3
4373,desaleitar, bezerro,3
4374,prenhe, vaca,3
4376,isolamento, animal,3
4377,forrageiro, brachiaria,3
4380,forrageiro, seco,3
4381,forrageiro, solo,3
4382,raspagem, concreto,3
4383,raspagem, esterco,3
4384,raspagem, raspar,3
4385,compactação, forragem,3
4387,ordenhador, mão,3
4388,ordenhador, raça,3
4392,forrageira, capineiro,3
4393,forrageira, cobertura,3
4398,forrageira, densidade,3
4404,forrageira, nlemfuensis,3
4406,forrageira, parte,3
4407,forrageira, preparar,3
4409,forrageira, superpastejo,3
4414,abrigo, animal,3
4416,taxa, fértil,3
4417,taxa, gestação,3
4418,taxa, hectare,3
4422,taxa, piquete,3
4424,taxa, semeadura,3
4426,portador, testículo,3
4430,animal, auxiliar,3
4435,animal, cobertura,3
4441,animal, efluente,3
4442,animal, exame,3
4449,animal, gene,3
4453,animal, hectare,3
4456,animal, madeira,3
4458,animal, metabólico,3
4460,animal, método,3
4461,animal, nitrogênio,3
4467,animal, silo,3
4469,animal, sol,3
4473,animal, substância,3
4476,animal, vitamina,3
4477,animal, volumoso,3
4479,ressemeadura, pasto,3
4480,temperatura, alta,3
4482,temperatura, eficiente,3
4483,temperatura, pequeno,3
4486,temperatura, tropical,3
4487,aveia, cultura,3
4488,aveia, presença,3
4489,aveia, vaca,3
4491,planta, brachiaria,3
4492,planta, capim,3
4493,planta, cultura,3
4494,planta, fósforo,3
4496,planta, natural,3
4498,planta, nutritivo,3
4499,planta, parte,3
4503,planta, semente,3
4504,planta, técnico,3
4505,pressão, aspersor,3
4506,pressão, sistema,3
4509,decumbem, panicum,3
4515,médio, fêmea,3
4520,médio, vitamina,3
4521,médio, volumoso,3
4523,patógeno, orgânico,3
4524,lateral, abrigo,3
4525,lateral, bom,3
4526,criopreservação, lactação,3
4527,criopreservação, parto,3
4528,criopreservação, raça,3
4529,criopreservação, sexo,3
4530,criopreservação, sistema,3
4531,pasteurizado, cru,3
4532,ventilação, animal,3
4535,suplementar, seca,3
4537,solúvel, orgânico,3
4539,sombrite, bom,3
4540,basar, seco,3
4541,infertilidade, lote,3
4543,grande, acasalamento,3
4545,grande, brachiaria,3
4549,grande, esperar,3
4552,grande, lote,3
4554,grande, maneira,3
4555,grande, molécular,3
4564,grande, puro,3
4566,grande, rasteiro,3
4572,artificial, animal,3
4575,artificial, natural,3
4580,parasita, orgânico,3
4582,fertirrigação, tanque,3
4583,sintoma, bactéria,3
4586,sintoma, medicamento,3
4587,sintoma, perda,3
4588,base, basar,3
4589,base, bom,3
4592,chuva, mineral,3
4594,chuva, rotativo,3
4597,sistema, aspersor,3
4605,sistema, forragem,3
4606,sistema, garantir,3
4608,sistema, heterose,3
4609,sistema, leiteiro,3
4612,sistema, tricros,3
4613,sistema, técnico,3
4616,lote, bezerro,3
4617,berne, espécie,3
4623,vacina, bactéria,3
4624,vacina, vacinar,3
4629,panicum, nlemfuensis,3
4630,vacinador, vacinar,3
4631,combate, espécie,3
4632,insumo, animais,3
4633,dieta, baixo,3
4636,dieta, gordura,3
4637,dieta, leiteiro,3
4639,dieta, nitrogênio,3
4640,dieta, solo,3
4645,cultura, placa,3
4647,cultura, tratamento,3
4649,entrada, ar,3
4650,entrada, silo,3
4652,associação, rebanho,3
4653,associação, vaca,3
4654,reter, filho,3
4656,quente, método,3
4657,quente, pastagem,3
4662,calor, grande,3
4663,calor, holandês,3
4664,captura, mosca,3
4665,implantar, orgânico,3
4666,picada, bom,3
4667,picada, silagem,3
4668,picada, silo,3
4669,picada, volumoso,3
4672,braquiária, plantio,3
4673,braquiária, ácidos,3
4674,seiva, inseto,3
4675,sanguíneo, corrente,3
4676,protozoário, bactéria,3
4677,examinar, animal,3
4678,inseminador, artificial,3
4679,inseminador, parto,3
4681,fosfato, bicálcico,3
4683,fosfato, magnésio,3
4684,fosfato, pastagem,3
4685,fosfato, plantio,3
4687,maximização, alimento,3
4688,maximização, vaca,3
4689,cisteína, enxofre,3
4690,perfilhamento, solo,3
4691,molécular, base,3
4692,via, testículo,3
4693,comercial, medicamento,3
4697,glândula, bom,3
4698,glândula, imunológico,3
4699,glândula, inflamação,3
4700,glândula, lactação,3
4701,glândula, medicamento,3
4702,glândula, ordenha,3
4704,glândula, vaca,3
4707,partícula, concentrado,3
4708,partícula, fase,3
4709,partícula, gestação,3
4710,partícula, lactação,3
4711,partícula, médio,3
4712,partícula, novilho,3
4713,partícula, parto,3
4714,partícula, pelar,3
4715,partícula, principal,3
4716,partícula, proteína,3
4717,partícula, raça,3
4718,partícula, rebanho,3
4719,partícula, teto,3
4721,reprodutivo, mestiço,3
4725,cloro, cobre,3
4726,cloro, fósforo,3
4727,cloro, magnésio,3
4728,cloro, manganês,3
4729,manual, esterco,3
4730,agudo, animal,3
4731,agudo, infecção,3
4735,fase, gestação,3
4740,infecção, bactéria,3
4741,infecção, clínico,3
4742,infecção, desinfecção,3
4746,infecção, intramamária,3
4747,infecção, pequeno,3
4748,infecção, perda,3
4752,infestações, animal,3
4753,infestações, pequeno,3
4754,levedura, bezerro,3
4755,levedura, instalação,3
4756,levedura, sistema,3
4757,lácteo, sabor,3
4760,população, aproveitamento,3
4762,população, nitrogênio,3
4763,população, pastagem,3
4765,população, pequeno,3
4766,subtropical, pequeno,3
4767,recomendação, animais,3
4768,recomendação, antibiótico,3
4769,recomendação, bebedouro,3
4770,recomendação, brachiaria,3
4771,recomendação, cobrir,3
4772,recomendação, concentração,3
4773,recomendação, medida,3
4774,recomendação, médico,3
4775,recomendação, nutriente,3
4776,recomendação, pasto,3
4777,recomendação, procedimento,3
4778,recomendação, semente,3
4779,recomendação, silagem,3
4780,recomendação, silo,3
4781,recomendação, volumoso,3
4783,pasto, alto,3
4788,pasto, fator,3
4791,pasto, mineral,3
4794,pasto, novilho,3
4796,pasto, samambaia,3
4797,pasto, seco,3
4798,pasto, solo,3
4800,lactose, vaca,3
4801,exigência, proteína,3
4803,água, bezerro,3
4806,água, corporal,3
4809,água, perder,3
4812,água, resíduo,3
4817,água, suficiente,3
4818,pasta, animal,3
4819,molecular, base,3
4821,molecular, genético,3
4822,espécies, adulto,3
4823,espécies, agente,3
4824,espécies, arbóreo,3
4825,espécies, ataque,3
4826,espécies, cromossomo,3
4827,espécies, doméstico,3
4828,espécies, elevar,3
4829,espécies, genético,3
4830,espécies, luminosidade,3
4831,espécies, naturalizar,3
4832,espécies, nutricional,3
4833,espécies, nutritivo,3
4834,espécies, organismo,3
4835,espécies, plantio,3
4836,espécies, proteína,3
4837,espécies, superpastejo,3
4838,espécies, técnico,3
4839,espécies, vegetal,3
4842,ração, nutriente,3
4843,ração, proteína,3
4844,purpureum, brachiaria,3
4845,purpureum, panicum,3
4846,raspadeira, raspar,3
4848,risco, pastagem,3
4852,lactação, forragem,3
4853,lactação, fêmea,3
4855,lactação, gestação,3
4860,lactação, novilho,3
4862,lactação, secar,3
4864,molécula, base,3
4866,tóxico, solo,3
4867,cocho, bom,3
4871,contaminação, doença,3
4872,contaminação, humano,3
4874,contaminação, orgânico,3
4875,contaminação, pastagem,3
4876,contaminação, teto,3
4881,alimento, entrar,3
4882,alimento, exigência,3
4884,alimento, forrageira,3
4885,alimento, fósforo,3
4886,alimento, gordura,3
4887,alimento, leiteiro,3
4888,alimento, médio,3
4889,alimento, parto,3
4891,alimento, perda,3
4893,alimento, puro,3
4894,alimento, rebanho,3
4895,alimento, seca,3
4896,alimento, seco,3
4898,estolonífera, plantio,3
4899,diarreia, alto,3
4900,diarreia, animal,3
4901,diarreia, bovino,3
4902,diarreia, diarrear,3
4903,diarreia, febre,3
4905,desaleitamento, desaleitar,3
4906,desaleitamento, médio,3
4907,portadora, testículo,3
4908,genoma, base,3
4909,genoma, bovino,3
4910,genoma, genético,3
4913,organismo, genético,3
4914,organismo, medicamento,3
4915,organismo, transgênico,3
4916,acesso, animais,3
4917,acesso, bebedouro,3
4918,acesso, bezerro,3
4919,modo, bom,3
4920,modo, genético,3
4921,modo, grande,3
4922,modo, pastagem,3
4923,oferecer, alimento,3
4924,oferecer, água,3
4925,administração, dieta,3
4930,concentrar, forrageira,3
4933,sequenciamento, base,3
4935,invasor, semente,3
4938,quarto, lactação,3
4939,quarto, medicamento,3
4942,terreno, grande,3
4944,rebanhar, bezerro,3
4945,rebanhar, lactação,3
4947,rebanhar, novilho,3
4949,espécie, adulto,3
4951,espécie, arbóreo,3
4953,espécie, cromossomo,3
4954,espécie, doméstico,3
4955,espécie, elevar,3
4957,espécie, luminosidade,3
4959,espécie, nutricional,3
4960,espécie, nutritivo,3
4961,espécie, organismo,3
4962,espécie, plantio,3
4963,espécie, proteína,3
4966,espécie, vegetal,3
4968,acasalar, chifre,3
4969,topografia, bom,3
4970,topografia, pastagem,3
4971,instalação, abrigo,3
4972,instalação, bovino,3
4974,instalação, esterco,3
4975,instalação, garantir,3
4976,instalação, limpo,3
4977,instalação, maneira,3
4979,instalação, pastagem,3
4981,instalação, pequeno,3
4983,instalação, tanque,3
4984,instalação, água,3
4986,ingrediente, lactação,3
4989,gramínea, fósforo,3
4990,mecanismo, brachiaria,3
4991,objetivo, bezerro,3
4992,objetivo, bom,3
4993,objetivo, espécie,3
4994,objetivo, maneira,3
4995,objetivo, rebanho,3
4997,armazenagem, mineral,3
4999,consumir, silo,3
