,Unnamed: 0,term1,term2,value
1,1,sede, animal,254
2,2,sede, vaca,245
3,3,máximo, grande,210
5,5,sede, bom,166
6,6,sede, grande,135
7,7,sede, pastagem,133
10,12,sede, solo,102
11,13,sede, bezerro,95
12,14,sede, pequeno,89
14,16,sede, lactação,77
15,17,sede, sistema,77
16,18,sede, forrageira,76
17,19,sede, animais,75
19,22,sede, espécie,66
20,23,sede, raça,64
23,27,sede, mineral,60
24,28,sede, genético,57
25,29,sede, água,56
26,31,sede, parto,55
27,32,sede, rebanho,55
28,33,sede, doença,54
29,34,máximo, animal,52
30,36,sede, principal,51
33,41,sede, planta,47
34,43,sede, ordenha,46
35,44,sede, seco,46
36,45,sede, alto,45
38,48,sede, pastejo,44
39,51,sede, plantio,43
40,52,sede, proteína,43
41,56,sede, tratamento,40
43,60,sede, leiteiro,39
44,64,sede, forragem,38
46,67,sede, baixo,37
47,68,sede, orgânico,37
48,69,sede, pasto,37
49,72,sede, bovino,36
50,73,sede, meio,36
52,78,sede, alimento,34
53,88,zebuínas, raça,32
54,93,sede, gramínea,32
55,94,sede, temperatura,32
56,95,máximo, bom,32
60,102,peletizado, pelar,31
61,104,peladeira, pelar,31
62,105,sede, dieta,31
63,106,sede, natural,31
64,108,bezerra, vaca,31
65,111,espécies, forrageira,30
66,115,sede, medida,30
67,116,mamária, mamário,29
68,120,sede, brachiaria,29
69,121,sede, rebanhar,29
70,126,sede, corporal,28
71,127,sede, fator,28
72,128,sede, material,28
73,130,espécies, pastagem,27
74,133,sede, cultura,27
75,134,sede, instalação,27
76,135,sede, parte,27
77,140,decumbens, brachiaria,26
78,142,sede, bactéria,26
79,143,sede, cruzamento,26
80,144,sede, semente,26
82,149,sede, agente,25
83,150,sede, base,25
84,151,sede, cobrir,25
85,152,sede, concentrado,25
86,153,sede, nutriente,25
87,154,sede, teto,25
88,156,espécies, animal,24
90,164,sede, elevar,24
91,165,sede, identificar,24
92,166,sede, modo,24
93,167,sede, técnico,24
94,168,máximo, vaca,24
95,169,brizantha, brachiaria,23
96,174,sede, fase,23
97,175,sede, fósforo,23
98,176,sede, resíduo,23
99,177,sede, silagem,23
100,178,sede, teor,23
101,179,sede, volumoso,23
105,187,sede, concentrar,22
106,188,sede, garantir,22
107,189,sede, piquete,22
108,190,concentração, volumoso,21
109,201,sede, holandês,21
110,202,sede, método,21
111,203,sede, novilho,21
112,204,sede, perda,21
113,205,sede, presença,21
114,206,sede, puro,21
115,215,sede, chuva,20
116,216,sede, cuidado,20
117,217,sede, silo,20
118,218,sede, taxa,20
119,219,sede, tropical,20
120,220,máximo, pequeno,20
121,221,leguminosa, gramínea,19
122,228,espécies, solo,19
123,240,animais, pequeno,19
124,244,sede, artificial,19
125,245,sede, embrião,19
126,246,sede, gordura,19
127,247,sede, médio,19
128,248,sede, pelar,19
129,251,bezerra, bom,19
130,252,minerais, vaca,18
133,268,novilha, vaca,18
134,275,animais, cruzamento,18
135,278,sede, cobertura,18
136,279,sede, fêmea,18
137,280,sede, leguminoso,18
138,281,sede, mestiço,18
139,282,sede, sintoma,18
140,283,cobre, vaca,18
141,293,espécies, bom,17
142,300,animais, lactação,17
143,302,animais, pasto,17
144,304,sede, antibiótico,17
145,305,sede, capim,17
146,306,sede, esterco,17
147,307,sede, maneira,17
148,308,sede, nitrogênio,17
149,309,sede, objetivo,17
150,310,sede, reprodutivo,17
151,311,máximo, forragem,17
152,312,máximo, pastagem,17
153,314,mamário, bezerro,16
154,315,mamária, bezerro,16
155,325,inseminador, vaca,16
156,336,animais, leiteiro,16
157,337,mamadeira, bezerro,16
158,340,sede, adulto,16
159,341,sede, concentração,16
160,342,sede, gene,16
161,343,sede, gestação,16
162,344,sede, infecção,16
163,345,sede, mão,16
164,346,sede, suficiente,16
166,350,minerais, dieta,15
168,371,parte, vaca,15
169,372,instalações, animal,15
170,374,animais, água,15
171,377,entressafra, entrar,15
172,379,sede, acasalamento,15
173,380,sede, alta,15
174,381,sede, eficiente,15
175,382,sede, mamário,15
176,383,sede, obra,15
177,384,sede, recomendação,15
178,385,sede, zebuína,15
180,389,mamária, mamar,14
181,390,mamária, vaca,14
182,396,sementes, solo,14
183,397,concentração, mineral,14
187,425,animais, corporal,14
188,426,animais, forragem,14
189,427,animais, temperatura,14
190,428,mamadeira, mamar,14
191,435,seca, dieta,14
192,437,sede, braquiária,14
193,438,sede, cocho,14
194,439,sede, exame,14
195,440,sede, fosfato,14
196,441,sede, irrigação,14
197,442,sede, líquido,14
198,443,sede, medicamento,14
199,444,sede, médico,14
200,445,sede, população,14
201,446,sede, químico,14
202,447,sede, ração,14
203,448,sede, seca,14
204,450,bezerra, mamar,14
206,458,via, ver,13
209,474,animais, mineral,13
210,477,sede, associação,13
211,478,sede, clínico,13
212,479,sede, estresse,13
213,480,sede, filho,13
214,481,sede, heterose,13
215,482,sede, invasor,13
216,483,sede, organismo,13
217,484,sede, térmico,13
220,489,mamária, glândular,12
221,491,variação, animal,12
222,492,parteiro, vaca,12
223,497,concentração, bezerro,12
225,509,partícula, vaca,12
226,510,recomendação, vaca,12
227,525,líquida, esterco,12
228,526,fatores, animal,12
232,541,sede, análise,12
233,542,sede, célula,12
234,543,sede, fácil,12
235,544,sede, físico,12
236,545,sede, macho,12
237,546,sede, plantar,12
238,547,sede, procedimento,12
239,548,sede, recurso,12
240,549,sede, tóxico,12
241,550,sede, vacar,12
242,552,máximo, genético,12
243,553,máximo, raça,12
244,555,bezerra, concentrar,12
245,561,mamária, ordenha,11
246,562,mamária, quarto,11
247,563,leguminosa, pastagem,11
249,565,minerais, animal,11
250,572,sementes, pastagem,11
251,574,concentração, dieta,11
252,575,trator, animal,11
253,576,bovina, animal,11
255,596,recomendação, pastagem,11
256,597,espécies, forragem,11
257,598,espécies, planta,11
258,608,novilha, bom,11
259,626,zebuínas, vaca,11
260,627,animais, adulto,11
261,628,animais, alto,11
262,629,animais, bezerro,11
263,630,animais, bovino,11
264,637,desmama, bezerro,11
265,638,desmame, bezerro,11
266,644,sede, descartar,11
267,645,sede, efeito,11
268,646,sede, gir,11
269,647,sede, hormônio,11
270,648,sede, humano,11
271,649,sede, limpo,11
272,650,sede, nutricional,11
273,651,sede, rotativo,11
274,652,sede, subclínica,11
275,654,máximo, pasto,11
276,657,demora, demorar,11
277,658,demora, vaca,11
278,659,minerais, bom,10
279,660,minerais, proteína,10
280,661,minerais, vitamina,10
281,669,concentrado, ração,10
282,676,sementes, plantio,10
286,734,animais, afetar,10
287,735,animais, elevar,10
288,736,animais, principal,10
289,738,animais, seco,10
290,740,animais, tratamento,10
291,748,seca, base,10
292,749,seca, limpo,10
293,750,seca, volumoso,10
294,754,sede, consumir,10
295,755,sede, energético,10
296,756,sede, febre,10
297,757,sede, magnésio,10
298,758,sede, microbiano,10
299,759,sede, monta,10
300,760,sede, oferecer,10
301,761,sede, reprodutor,10
302,762,sede, resistente,10
303,763,sede, risco,10
304,764,sede, tomar,10
305,766,máximo, forrageira,10
306,767,máximo, lactação,10
307,774,bezerra, doença,10
308,775,bezerra, ordenha,10
309,776,minerais, bovino,9
310,777,minerais, concentrar,9
311,780,crioscopia, animal,9
312,781,crioscopia, bezerro,9
313,782,térmica, estresse,9
314,787,concentrado, alimento,9
315,797,monta, vaca,9
316,800,concentração, ração,9
317,805,bovina, mineral,9
318,810,ordenhador, teto,9
319,819,criopreservação, animal,9
320,820,criopreservação, bezerro,9
321,835,recomendação, espécie,9
322,839,espécies, gramínea,9
323,849,nutrientes, vaca,9
324,851,parasitária, bovino,9
325,852,parasitária, parasitário,9
326,866,alta, forragem,9
327,867,alta, pastagem,9
328,868,alta, proteína,9
329,884,instalações, sistema,9
330,885,zebuínas, holandês,9
331,890,animais, alta,9
332,892,animais, exigência,9
334,904,seca, parto,9
335,905,seca, proteína,9
336,906,crioscópico, animal,9
337,907,crioscópico, bezerro,9
338,911,sede, aproveitamento,9
339,912,sede, ar,9
340,913,sede, calcário,9
341,914,sede, diarreia,9
342,915,sede, enxofre,9
343,916,sede, fértil,9
344,917,sede, inverno,9
345,918,sede, lembrar,9
346,919,sede, mamar,9
347,920,sede, mosca,9
348,921,sede, máximo,9
349,922,sede, mãe,9
350,923,sede, picar,9
351,924,sede, praga,9
352,925,sede, quarto,9
353,926,sede, semeadura,9
354,927,sede, vitamina,9
355,929,máximo, pastejo,9
356,930,máximo, rebanho,9
357,936,bezerra, pequeno,9
358,937,bezerra, principal,9
359,940,obesa, vaca,8
360,941,mamária, lactação,8
361,942,minerais, fósforo,8
363,953,concentrado, água,8
364,954,ácido, ácer,8
365,956,colhedeira, colher,8
366,959,sementes, germinação,8
367,961,fêmea, vaca,8
368,963,concentração, alimento,8
369,964,concentração, bom,8
370,965,concentração, nutriente,8
371,967,concentração, proteína,8
373,991,colheita, colher,8
374,1014,inseminador, cobrir,8
375,1017,recomendação, seco,8
376,1020,espécies, forrageiro,8
377,1021,espécies, grande,8
378,1022,espécies, pastejo,8
380,1054,alta, forrageira,8
381,1055,alta, pequeno,8
382,1056,perda, corporal,8
385,1075,zebuínas, animal,8
386,1076,zebuínas, gir,8
387,1083,animais, brachiaria,8
388,1084,animais, filho,8
389,1086,animais, holandês,8
390,1087,animais, identificar,8
391,1089,animais, tóxico,8
392,1090,animais, zebuína,8
393,1091,aproveitamento, aproveitar,8
396,1102,seca, concentrar,8
397,1104,seca, pequeno,8
398,1105,seca, teor,8
399,1111,sede, afetar,8
400,1112,sede, aveia,8
401,1113,sede, calagem,8
402,1114,sede, capineiro,8
403,1115,sede, cerca,8
404,1116,sede, desinfecção,8
405,1117,sede, dose,8
406,1118,sede, ensilar,8
407,1119,sede, guzerá,8
408,1120,sede, infeccioso,8
409,1121,sede, interferir,8
410,1122,sede, manual,8
411,1123,sede, nutritivo,8
412,1124,sede, parasita,8
413,1125,sede, quente,8
414,1126,sede, sanitário,8
415,1127,sede, sexo,8
416,1128,sede, somático,8
417,1129,sede, superpastejo,8
418,1130,sede, vitro,8
419,1131,sede, zebu,8
420,1132,sede, ácidos,8
421,1133,sede, árvore,8
422,1136,máximo, animais,8
423,1137,máximo, natural,8
424,1138,máximo, parte,8
425,1139,máximo, sistema,8
426,1140,máximo, água,8
427,1146,salobra, água,8
428,1149,cobre, bom,8
429,1150,cobre, cocho,8
430,1151,cobre, mineral,8
431,1155,bezerra, abrigo,8
432,1156,bezerra, animal,8
433,1157,bezerra, precoce,8
434,1158,bezerra, raça,8
435,1161,obeso, vaca,7
436,1163,mamária, glândula,7
437,1164,leguminosa, nitrogênio,7
438,1165,leguminosa, sistema,7
439,1166,minerais, água,7
440,1171,mocha, chifre,7
441,1174,variação, pastagem,7
442,1175,variação, solo,7
443,1181,concentrado, proteína,7
445,1194,sementes, pequeno,7
446,1202,bovina, agente,7
447,1227,aveia, plantio,7
448,1234,humidicola, brachiaria,7
449,1245,entrada, vaca,7
450,1254,recomendação, animal,7
451,1256,recomendação, dieta,7
452,1257,recomendação, solo,7
453,1262,espécies, alto,7
454,1263,espécies, animais,7
455,1264,espécies, fator,7
457,1289,nutrientes, mineral,7
459,1292,parasitária, tristeza,7
460,1296,novilha, grande,7
461,1297,novilha, parto,7
462,1307,componentes, animal,7
464,1309,aminoácido, proteína,7
465,1313,fatores, pastagem,7
466,1319,alta, espécie,7
467,1329,secador, vaca,7
468,1344,parto, gestação,7
469,1352,instalações, bom,7
470,1353,zebuínas, cruzamento,7
472,1362,animais, infecção,7
473,1363,animais, lote,7
474,1364,animais, novilho,7
475,1365,animais, oferecer,7
476,1366,animais, organismo,7
477,1367,animais, parto,7
478,1368,animais, proteína,7
479,1369,animais, resíduo,7
480,1370,animais, samambaia,7
481,1372,tratamento, pastagem,7
482,1373,mamadeira, vaca,7
483,1389,entressafra, vaca,7
484,1390,seca, bezerro,7
485,1397,sede, abrigo,7
486,1398,sede, anestro,7
487,1399,sede, apetite,7
488,1400,sede, biológico,7
489,1401,sede, brizanthar,7
490,1402,sede, ciclo,7
491,1403,sede, componente,7
492,1404,sede, densidade,7
493,1405,sede, excesso,7
494,1406,sede, fibra,7
495,1407,sede, genoma,7
496,1408,sede, gradagem,7
497,1409,sede, gênerar,7
498,1410,sede, larva,7
499,1411,sede, lavar,7
500,1412,sede, lote,7
501,1413,sede, mecânico,7
502,1414,sede, mocho,7
503,1415,sede, morte,7
504,1416,sede, máquina,7
505,1417,sede, partícula,7
506,1418,sede, perder,7
507,1419,sede, potássio,7
508,1420,sede, preparar,7
509,1421,sede, pé,7
510,1422,sede, rufião,7
511,1423,sede, ver,7
512,1424,sede, útero,7
513,1431,máximo, bezerro,7
514,1432,máximo, espécie,7
515,1433,máximo, garantir,7
516,1434,máximo, parto,7
517,1435,máximo, planta,7
518,1437,microbiana, população,7
519,1454,bezerra, concentrado,7
520,1455,bezerra, desmamar,7
521,1456,bezerra, lactação,7
522,1457,bezerra, presença,7
523,1458,bezerra, sistema,7
524,1461,distúrbio, vaca,6
525,1462,leguminosa, solo,6
526,1463,brizantha, decumbem,6
527,1464,minerais, balancear,6
528,1465,minerais, lactação,6
529,1466,minerais, magnésio,6
530,1467,minerais, volumoso,6
531,1473,crioscopia, vaca,6
532,1474,térmica, animal,6
533,1479,mocha, gene,6
534,1484,variação, vaca,6
535,1486,ordenha, lavar,6
536,1494,parteiro, bezerro,6
538,1511,fibra, vaca,6
539,1518,sementes, forrageira,6
540,1519,sementes, semeadura,6
542,1531,concentração, seco,6
543,1532,concentração, solo,6
544,1533,trator, vaca,6
545,1544,bovina, doença,6
546,1545,bovina, parasitário,6
547,1546,bovina, tristeza,6
548,1557,ordenhador, bezerro,6
549,1587,criopreservação, vaca,6
550,1610,partícula, bezerro,6
551,1616,recomendação, forrageira,6
552,1617,recomendação, pequeno,6
553,1618,recomendação, plantio,6
554,1620,recomendação, técnico,6
555,1626,espécies, associação,6
556,1627,espécies, brachiaria,6
557,1628,espécies, braquiária,6
558,1629,espécies, tropical,6
559,1641,espécie, brachiaria,6
560,1645,cruza, raça,6
561,1646,cruza, vaca,6
562,1649,gramínea, brachiaria,6
563,1663,diluição, água,6
564,1667,novilha, animal,6
565,1668,novilha, bezerro,6
566,1678,decumbens, brizanthar,6
567,1688,componentes, sistema,6
568,1690,rebanho, bezerro,6
569,1697,mutica, brachiaria,6
570,1698,fatores, bom,6
571,1699,fatores, espécie,6
572,1700,fatores, principal,6
573,1701,fatores, solo,6
574,1706,alta, grande,6
575,1707,alta, raça,6
576,1708,alta, sistema,6
577,1733,desinfetantes, teto,6
578,1735,parte, bezerro,6
579,1736,parte, genético,6
580,1737,instalações, bezerro,6
581,1738,instalações, grande,6
582,1739,zebuínas, guzerá,6
583,1740,zebuínas, mestiço,6
584,1741,magra, gordo,6
586,1750,animais, acasalamento,6
587,1751,animais, capim,6
588,1752,animais, componente,6
589,1753,animais, cuidado,6
590,1755,animais, doente,6
591,1756,animais, fêmea,6
592,1757,animais, físico,6
593,1758,animais, fósforo,6
594,1761,animais, morte,6
595,1762,animais, nutriente,6
596,1763,animais, parte,6
597,1764,animais, térmico,6
598,1768,tratamento, quarto,6
599,1790,desmame, precoce,6
600,1794,crioscópico, vaca,6
601,1802,sede, adubar,6
602,1803,sede, auxiliar,6
603,1804,sede, balanço,6
604,1805,sede, bezerreiro,6
605,1806,sede, bula,6
606,1807,sede, cama,6
607,1808,sede, certo,6
608,1809,sede, combate,6
609,1810,sede, compactação,6
610,1811,sede, contaminação,6
611,1812,sede, corpo,6
612,1813,sede, cortar,6
613,1814,sede, decumbem,6
614,1815,sede, descendente,6
615,1816,sede, digerir,6
616,1817,sede, esperar,6
617,1818,sede, estéril,6
618,1819,sede, exigência,6
619,1820,sede, fermentação,6
620,1821,sede, forrageiro,6
621,1822,sede, frasco,6
622,1823,sede, fêmeo,6
623,1824,sede, gel,6
624,1825,sede, germinação,6
625,1826,sede, glândula,6
626,1827,sede, imunológico,6
627,1828,sede, ingrediente,6
628,1829,sede, inseto,6
629,1830,sede, intoxicação,6
630,1831,sede, lactose,6
631,1832,sede, lento,6
632,1833,sede, madeira,6
633,1834,sede, magro,6
634,1835,sede, metabólico,6
635,1836,sede, microbiológico,6
636,1837,sede, orientar,6
637,1838,sede, panicum,6
638,1839,sede, parâmetro,6
639,1840,sede, precoce,6
640,1841,sede, samambaia,6
641,1842,sede, subtropical,6
642,1843,sede, terapia,6
643,1844,sede, tolerante,6
644,1845,sede, vegetal,6
645,1846,sede, vegetativo,6
646,1847,sede, verme,6
647,1848,sede, zebuíno,6
648,1849,sede, ácer,6
650,1860,máximo, artificial,6
651,1861,máximo, cultura,6
652,1862,máximo, dieta,6
653,1863,máximo, fêmea,6
654,1864,máximo, heterose,6
655,1865,máximo, instalação,6
656,1866,máximo, leiteiro,6
657,1867,máximo, perda,6
658,1868,máximo, taxa,6
659,1869,presença, gene,6
660,1889,bezerra, fase,6
661,1890,bezerra, grande,6
662,1891,bezerra, mãe,6
663,1892,bezerra, novilho,6
664,1893,bezerra, parto,6
665,1894,bezerra, proteína,6
666,1895,bezerra, pé,6
667,1896,bezerra, teto,6
668,1898,verão, animal,5
670,1905,mamária, animal,5
671,1906,mamária, parto,5
672,1907,mamária, sistema,5
673,1908,minerais, base,5
674,1909,minerais, cobrir,5
675,1910,minerais, cocho,5
676,1911,minerais, nutriente,5
677,1912,minerais, parto,5
678,1917,crioscopia, bom,5
679,1918,térmica, sistema,5
680,1934,ordenha, raça,5
681,1939,pele, bom,5
682,1940,pele, vaca,5
683,1941,pele, água,5
684,1943,homeopático, medicamento,5
685,1944,tomada, cuidado,5
687,1946,bernes, mosca,5
688,1949,estresse, estressar,5
689,1950,parteiro, bom,5
690,1954,concentrado, nutriente,5
691,1956,concentrado, pasto,5
692,1957,gênero, brachiaria,5
694,1967,irrigação, pastagem,5
695,1978,pelagem, bom,5
696,1979,pelagem, vaca,5
697,1980,pelagem, água,5
698,1981,sementes, braquiária,5
699,1982,estimular, bezerro,5
700,1984,fêmea, embrião,5
701,1991,medo, vaca,5
703,2000,sofrimento, animal,5
704,2005,concentração, base,5
705,2008,concentração, pelar,5
707,2013,trator, pastagem,5
708,2014,trator, quarto,5
709,2023,solo, garantir,5
710,2032,lagoa, líquido,5
711,2033,bovina, bom,5
712,2049,isolamento, doença,5
713,2050,compactação, pequeno,5
714,2051,ordenhador, desinfecção,5
715,2052,ordenhador, manual,5
716,2064,somatotropina, raça,5
717,2086,criopreservação, bom,5
718,2105,sintoma, instalação,5
719,2133,picada, pequeno,5
720,2135,inseminador, bom,5
721,2137,comercial, comer,5
722,2138,partícula, bom,5
723,2139,partícula, silo,5
724,2144,levedura, animal,5
725,2145,levedura, vaca,5
726,2147,recomendação, bovino,5
727,2149,recomendação, lactação,5
728,2150,recomendação, mineral,5
729,2151,recomendação, orgânico,5
730,2152,recomendação, pelar,5
731,2153,recomendação, tratamento,5
732,2154,recomendação, água,5
733,2166,espécies, cigarra,5
734,2167,espécies, leguminoso,5
735,2168,espécies, mosca,5
736,2169,espécies, pasto,5
737,2180,contaminação, bactéria,5
738,2185,heterozigoto, mocho,5
739,2192,medir, vaca,5
740,2196,rebanhar, sistema,5
741,2202,ingrediente, vaca,5
743,2205,objetivo, solo,5
744,2216,nutrientes, animal,5
745,2217,nutrientes, bom,5
746,2220,diluição, sistema,5
747,2221,parasitária, agente,5
749,2226,novilha, cobrir,5
750,2227,novilha, pequeno,5
751,2231,zebuínos, raça,5
752,2247,forragem, mineral,5
753,2252,semeadura, semear,5
754,2253,desmamar, vaca,5
755,2254,homozigoto, mocho,5
756,2255,rebanho, medida,5
757,2257,rebanho, pequeno,5
758,2258,rebanho, puro,5
759,2260,rebanho, taxa,5
760,2262,reação, gel,5
761,2263,carrapaticida, carrapaticidar,5
762,2267,genético, gene,5
763,2271,fatores, vaca,5
764,2273,procedimento, vaca,5
765,2276,alto, raça,5
766,2279,maneira, bezerro,5
767,2280,alta, concentração,5
768,2281,alta, doença,5
769,2282,alta, mineral,5
770,2283,alta, nutriente,5
771,2284,alta, tropical,5
772,2285,perda, animal,5
773,2287,perda, proteína,5
774,2291,suficiente, vaca,5
775,2314,parto, genético,5
776,2315,parto, raça,5
780,2322,parte, principal,5
781,2323,parte, proteína,5
782,2326,parte, teto,5
783,2327,suplemento, concentrar,5
784,2329,suplemento, pasto,5
785,2333,instalações, principal,5
786,2334,zebuínas, genético,5
787,2335,zebuínas, puro,5
788,2336,magra, bom,5
789,2337,magra, corporal,5
790,2346,aptidão, gir,5
791,2351,cruzamento, grande,5
792,2355,animais, ar,5
793,2356,animais, calor,5
794,2357,animais, concentração,5
795,2358,animais, doador,5
796,2359,animais, efeito,5
797,2360,animais, embrião,5
798,2361,animais, gramínea,5
799,2362,animais, leguminoso,5
800,2364,animais, modo,5
801,2365,animais, nutricional,5
802,2367,animais, recurso,5
803,2368,animais, resistente,5
804,2369,estimulante, bezerro,5
805,2372,peletizado, bom,5
806,2373,peletizado, vaca,5
807,2374,peletizado, água,5
808,2382,tratamento, sintoma,5
809,2383,mamadeira, ordenha,5
811,2400,desmama, vaca,5
812,2401,desmame, vaca,5
813,2403,seca, abrigo,5
814,2404,seca, chuva,5
815,2405,seca, concentrado,5
816,2407,seca, mineral,5
817,2408,seca, pastagem,5
818,2410,seca, água,5
819,2418,crioscópico, bom,5
820,2419,capineira, bom,5
821,2420,capineira, solo,5
822,2428,peladeira, vaca,5
823,2429,peladeira, água,5
824,2430,zebuíno, raça,5
825,2435,sede, acesso,5
826,2436,sede, aminoácido,5
827,2437,sede, baia,5
828,2438,sede, balancear,5
829,2439,sede, bebedouro,5
830,2440,sede, calor,5
831,2441,sede, carrapaticida,5
832,2442,sede, chifre,5
833,2443,sede, cigarra,5
834,2444,sede, comercial,5
835,2445,sede, compostagem,5
836,2446,sede, contagioso,5
837,2447,sede, contaminar,5
838,2448,sede, desmamar,5
839,2449,sede, diluir,5
840,2450,sede, distúrbio,5
841,2451,sede, entrada,5
842,2452,sede, entrar,5
843,2453,sede, estimular,5
844,2454,sede, ferramenta,5
845,2455,sede, floração,5
846,2456,sede, gestante,5
847,2457,sede, glândular,5
848,2458,sede, gordo,5
849,2459,sede, incidência,5
850,2460,sede, infestação,5
851,2461,sede, insumo,5
852,2462,sede, laboratório,5
853,2463,sede, lagoa,5
854,2464,sede, luminosidade,5
855,2465,sede, luz,5
856,2466,sede, lácteo,5
857,2467,sede, núcleo,5
858,2468,sede, obtenção,5
859,2469,sede, odor,5
860,2470,sede, operação,5
861,2471,sede, ovo,5
862,2472,sede, oócito,5
863,2473,sede, parasitário,5
864,2474,sede, pilha,5
865,2475,sede, planejamento,5
866,2476,sede, procurar,5
867,2477,sede, raiz,5
868,2478,sede, reter,5
869,2479,sede, sol,5
870,2480,sede, sombrite,5
871,2481,sede, substância,5
872,2482,sede, tristeza,5
873,2483,sede, vacina,5
874,2484,sede, verão,5
875,2485,sede, ácido,5
876,2486,sede, órgão,5
877,2487,sede, útil,5
878,2489,regime, forrageira,5
879,2493,rasteira, pastejo,5
880,2494,máximo, alimento,5
881,2495,máximo, alto,5
882,2496,máximo, baixo,5
883,2497,máximo, cobertura,5
884,2498,máximo, elevar,5
885,2499,máximo, meio,5
886,2500,máximo, médio,5
887,2501,máximo, novilho,5
888,2502,máximo, nutritivo,5
889,2503,máximo, pelar,5
890,2504,máximo, plantio,5
891,2505,máximo, principal,5
892,2506,máximo, proteína,5
893,2507,máximo, reprodutivo,5
894,2510,presença, mocho,5
895,2513,microbiana, contaminação,5
896,2514,microbiana, proteína,5
898,2528,demora, parto,5
899,2531,consumidor, animal,5
901,2533,somático, raça,5
902,2537,cobre, novilho,5
903,2538,cobre, solo,5
904,2547,bezerra, alimento,5
905,2548,bezerra, cuidado,5
906,2549,bezerra, imunoglobulina,5
907,2550,bezerra, instalação,5
908,2551,bezerra, pastagem,5
909,2555,pico, forrageira,4
910,2556,pico, pequeno,4
911,2557,conservante, silagem,4
912,2560,cova, plantio,4
913,2562,verão, inverno,4
914,2563,verão, plantio,4
915,2566,mamário, infecção,4
916,2567,mamário, medicamento,4
917,2568,mamária, infecção,4
918,2569,mamária, medicamento,4
919,2570,leguminosa, animal,4
920,2571,leguminosa, bom,4
921,2572,leguminosa, espécie,4
922,2573,leguminosa, semente,4
923,2574,brizantha, panicum,4
924,2575,minerais, concentrado,4
925,2576,minerais, corporal,4
926,2577,minerais, seco,4
927,2578,minerais, sistema,4
928,2582,leguminoso, semente,4
929,2584,emagrecimento, vaca,4
930,2586,térmico, instalação,4
931,2591,semear, semente,4
932,2592,térmica, bom,4
933,2593,térmica, instalação,4
934,2599,doença, base,4
936,2609,cor, pequeno,4
937,2611,afetar, fósforo,4
938,2613,afetar, vaca,4
939,2619,proporção, material,4
940,2620,variação, animais,4
941,2621,variação, chuva,4
942,2622,variação, espécie,4
943,2623,variação, raça,4
944,2624,variação, rebanhar,4
945,2625,variação, sistema,4
946,2626,variação, teor,4
947,2629,ordenha, cuidado,4
948,2630,ordenha, infecção,4
949,2631,ordenha, lactação,4
950,2633,ordenha, pequeno,4
951,2635,sugador, inseto,4
952,2637,pele, genético,4
953,2638,cupim, pastagem,4
954,2639,treinamento, vaca,4
955,2641,infectocontagiosa, infectar,4
956,2642,sintomático, instalação,4
958,2647,parteiro, animal,4
959,2648,parteiro, genético,4
960,2649,parteiro, mestiço,4
961,2652,núcleo, embrião,4
962,2653,concentrado, cocho,4
963,2654,concentrado, forrageira,4
964,2656,concentrado, pelar,4
965,2657,concentrado, precoce,4
966,2658,concentrado, silagem,4
967,2659,concentrado, suplementar,4
968,2660,gênero, bactéria,4
969,2661,anaeróbia, sistema,4
970,2664,infraestrutura, vaca,4
971,2665,alumínio, pastagem,4
972,2671,corporal, magro,4
973,2674,irrigação, gramínea,4
974,2675,irrigação, plantio,4
975,2676,irrigação, seca,4
976,2679,célula, parto,4
977,2680,químico, pastagem,4
978,2681,digestão, digestãar,4
979,2682,digestão, sistema,4
981,2702,fibra, proteína,4
982,2707,principal, gordura,4
983,2713,pelagem, genético,4
984,2714,pelagem, grande,4
985,2715,pelagem, pequeno,4
986,2716,sementes, bom,4
987,2717,estimular, vaca,4
988,2718,fêmea, cobertura,4
989,2719,fêmea, novilho,4
990,2725,medo, animal,4
991,2728,fêmeo, vaca,4
992,2729,teor, açúcar,4
993,2732,teor, volumoso,4
994,2734,sintomatologia, instalação,4
996,2741,cigarra, brachiaria,4
997,2745,meio, genético,4
998,2748,concentração, alto,4
999,2749,concentração, forragem,4
1000,2751,concentração, silagem,4
1001,2752,concentração, suplementar,4
1002,2756,trator, esterco,4
1003,2757,trator, grande,4
1004,2758,trator, resíduo,4
1005,2759,trator, seco,4
1006,2760,germinação, plantio,4
1007,2769,solo, instalação,4
1008,2779,solo, árvore,4
1009,2781,material, silo,4
1010,2782,bovina, leiteiro,4
1011,2783,bovina, rebanho,4
1012,2791,baixo, bezerro,4
1013,2798,adubar, gramínea,4
1014,2801,balanço, pequeno,4
1015,2803,útil, animal,4
1016,2804,orientar, instalação,4
1017,2809,picar, pequeno,4
1018,2810,agente, base,4
1019,2813,agente, pequeno,4
1020,2821,silagem, ar,4
1021,2824,silagem, perda,4
1022,2825,ruminal, proteína,4
1023,2827,pelar, bom,4
1024,2828,pelar, genético,4
1025,2833,descendente, bezerro,4
1026,2834,descendente, descer,4
1027,2835,adubo, animal,4
1028,2836,adubo, gramínea,4
1029,2837,adubo, pastagem,4
1030,2838,adubo, solo,4
1031,2842,rótulo, mineral,4
1032,2846,ordenhador, cuidado,4
1033,2847,ordenhador, lavar,4
1034,2859,taxa, solo,4
1035,2878,animal, medicamento,4
1036,2893,animal, árvore,4
1037,2894,temperatura, bezerro,4
1038,2903,aveia, semente,4
1039,2904,planta, cobertura,4
1040,2906,planta, gramínea,4
1041,2912,criopreservação, embrião,4
1043,2918,colheita, plantio,4
1044,2920,grande, base,4
1045,2938,grande, rotativo,4
1046,2940,grande, silo,4
1047,2946,fertirrigação, sistema,4
1048,2950,chuva, bom,4
1049,2953,chuva, sistema,4
1050,2957,sistema, genético,4
1051,2971,sobreordenha, teto,4
1052,2972,gordo, bom,4
1053,2982,dieta, ruminal,4
1054,2985,cultura, líquido,4
1055,2986,entrada, pasto,4
1056,2987,reter, vaca,4
1057,2988,íom, água,4
1058,2991,ver, animal,4
1059,2992,picada, forrageira,4
1060,2995,vedação, silo,4
1061,2996,via, animal,4
1062,2997,via, vaca,4
1063,2998,comercial, concentrar,4
1064,2999,comercial, mineral,4
1065,3000,glândula, célula,4
1066,3001,partícula, animal,4
1067,3002,partícula, genético,4
1068,3003,partícula, gordura,4
1069,3004,partícula, mestiço,4
1070,3010,reprodutivo, parto,4
1071,3019,emagreceu, vaca,4
1072,3020,infestações, grande,4
1074,3024,recomendação, diluir,4
1075,3025,recomendação, fabricante,4
1076,3026,recomendação, grande,4
1077,3027,recomendação, ordenha,4
1078,3028,recomendação, pastejo,4
1079,3029,recomendação, rebanho,4
1080,3030,recomendação, resíduo,4
1081,3031,recomendação, sistema,4
1082,3032,pasto, bezerro,4
1083,3034,pasto, gramínea,4
1084,3054,pasta, espécie,4
1086,3056,espécies, cultura,4
1087,3057,espécies, doença,4
1088,3058,espécies, exigência,4
1089,3059,espécies, inseto,4
1090,3060,espécies, lactação,4
1091,3061,espécies, panicum,4
1092,3062,espécies, plantar,4
1093,3063,espécies, vaca,4
1095,3082,tóxico, samambaia,4
1096,3083,natalidade, bezerro,4
1097,3084,natalidade, médio,4
1098,3088,contaminação, animal,4
1099,3094,alimento, pequeno,4
1100,3098,heterozigoto, gene,4
1101,3100,diarreia, infeccioso,4
1103,3103,acesso, pastagem,4
1104,3106,administração, vaca,4
1105,3120,espécie, inseto,4
1106,3125,acasalar, vaca,4
1107,3129,instalação, seco,4
1108,3130,instalação, tratamento,4
1109,3132,ingrediente, bom,4
1111,3140,armazenagem, sistema,4
1112,3141,cobalto, magnésio,4
1113,3152,nutrientes, concentrar,4
1114,3153,nutrientes, grande,4
1115,3154,nutrientes, planta,4
1116,3155,delgar, proteína,4
1117,3158,descer, bezerro,4
1118,3162,abrasividade, bom,4
1119,3163,abrasividade, silo,4
1120,3164,novilha, gestação,4
1121,3165,novilha, rebanho,4
1122,3167,aeróbia, sistema,4
1123,3168,zebuínos, vaca,4
1124,3169,integração, cultura,4
1125,3170,integração, sistema,4
1126,3172,enxofre, fósforo,4
1127,3177,pastagem, cobertura,4
1128,3201,magnésio, bicarbonato,4
1129,3202,magnésio, dieta,4
1130,3204,magnésio, água,4
1131,3206,detenção, sistema,4
1133,3212,misturador, mineral,4
1134,3213,semeadura, pastagem,4
1135,3215,semeadura, plantio,4
1136,3216,desmamar, precoce,4
1137,3221,líquida, sistema,4
1138,3222,líquida, tratamento,4
1139,3223,líquida, vaca,4
1140,3224,homozigoto, gene,4
1141,3226,aminoácido, aminar,4
1142,3227,aminoácido, microbiano,4
1143,3228,rebanho, acasalamento,4
1144,3232,rebanho, cruzamento,4
1145,3234,rebanho, macho,4
1146,3235,rebanho, meio,4
1147,3237,rebanho, presença,4
1148,3253,fatores, afetar,4
1149,3254,fatores, animais,4
1150,3255,fatores, forrageira,4
1151,3256,fatores, infecção,4
1152,3257,fatores, interferir,4
1153,3258,fatores, lactação,4
1154,3259,fatores, sistema,4
1155,3260,fatores, temperatura,4
1156,3261,prever, parto,4
1157,3270,leiteiro, holandês,4
1158,3275,cetose, vaca,4
1159,3276,vacar, bezerro,4
1160,3279,maneira, gene,4
1161,3280,maneira, mocho,4
1162,3281,maneira, vaca,4
1163,3282,técnico, bom,4
1164,3285,técnico, genético,4
1165,3286,técnico, vaca,4
1166,3287,ectoparasita, grande,4
1167,3289,alta, baixo,4
1168,3290,alta, bezerro,4
1169,3291,alta, elevar,4
1170,3292,alta, febre,4
1171,3293,alta, genético,4
1172,3294,alta, seco,4
1173,3295,alta, solo,4
1174,3296,perda, animais,4
1175,3299,perda, gordura,4
1176,3300,perda, lactação,4
1177,3301,perda, pequeno,4
1178,3307,eficiente, carrapaticida,4
1179,3317,tropical, pequeno,4
1180,3318,secador, parto,4
1181,3346,parto, adulto,4
1182,3347,parto, cobertura,4
1183,3348,parto, concentrar,4
1184,3351,parto, holandês,4
1185,3353,parto, principal,4
1186,3356,zebu, bezerro,4
1187,3359,semeadeira, semente,4
1188,3360,parte, gordura,4
1189,3361,parte, mestiço,4
1190,3362,parte, novilho,4
1191,3363,parte, pelar,4
1192,3364,suplemento, vaca,4
1193,3365,suplemento, volumoso,4
1194,3366,acasalamento, filho,4
1195,3367,macho, raça,4
1196,3368,doador, embrião,4
1197,3369,instalações, animais,4
1198,3370,instalações, doença,4
1199,3371,instalações, seco,4
1200,3372,instalações, tratamento,4
1201,3373,instalações, vaca,4
1202,3375,zebuínas, bezerro,4
1203,3376,zebuínas, leiteiro,4
1204,3377,magra, parto,4
1205,3384,pequeno, proteína,4
1206,3392,diferem, solo,4
1207,3393,tecidos, animal,4
1208,3394,tecidos, mamário,4
1210,3396,aptidão, holandês,4
1211,3398,bicarbonato, dieta,4
1212,3400,montar, vaca,4
1213,3405,animais, bactéria,4
1214,3406,animais, bebedouro,4
1215,3407,animais, cerca,4
1216,3409,animais, comercial,4
1217,3410,animais, concentrado,4
1218,3411,animais, consumir,4
1219,3412,animais, doméstico,4
1220,3413,animais, eficiente,4
1221,3414,animais, entrada,4
1222,3415,animais, entrar,4
1223,3416,animais, fase,4
1224,3417,animais, fêmeo,4
1225,3418,animais, gir,4
1226,3419,animais, humano,4
1227,3420,animais, larva,4
1228,3421,animais, mamário,4
1229,3422,animais, material,4
1230,3423,animais, medicamento,4
1231,3424,animais, máquina,4
1232,3425,animais, mão,4
1233,3426,animais, natural,4
1234,3427,animais, núcleo,4
1235,3428,animais, objetivo,4
1236,3429,animais, obra,4
1237,3430,animais, parasita,4
1238,3431,animais, piquete,4
1239,3432,animais, procedimento,4
1240,3433,animais, quarto,4
1241,3434,animais, rotativo,4
1242,3435,animais, suficiente,4
1243,3436,animais, taxa,4
1244,3437,animais, unidade,4
1245,3438,animais, árvore,4
1246,3439,inimigo, natural,4
1247,3440,estimulante, vaca,4
1248,3444,peletizado, concentrar,4
1249,3445,peletizado, genético,4
1250,3446,aproveitamento, plantio,4
1251,3447,aproveitamento, sistema,4
1252,3448,digestãar, sistema,4
1253,3452,descamação, bezerro,4
1254,3453,descamação, descer,4
1255,3454,tratamento, identificar,4
1256,3455,tratamento, infecção,4
1257,3459,tratamento, parto,4
1258,3460,tratamento, seco,4
1259,3462,fertilização, embrião,4
1260,3463,fertilização, vitro,4
1261,3472,bom, gir,4
1262,3497,proteína, raça,4
1263,3498,bicálcico, fósforo,4
1264,3499,inoculação, parasita,4
1265,3500,cruzar, raça,4
1266,3501,cruzar, vaca,4
1267,3502,desmama, precoce,4
1268,3504,entressafra, animal,4
1269,3505,seca, corporal,4
1270,3506,seca, esterco,4
1271,3507,seca, forragem,4
1272,3508,seca, infecção,4
1273,3509,seca, instalação,4
1274,3510,seca, novilho,4
1275,3511,seca, ordenha,4
1276,3512,seca, parte,4
1277,3513,seca, pelar,4
1278,3514,seca, teto,4
1279,3515,seca, tratamento,4
1280,3521,seco, pastagem,4
1281,3530,zebuína, bezerro,4
1282,3533,peladeira, bom,4
1283,3534,peladeira, genético,4
1284,3535,zebuíno, vaca,4
1285,3539,sede, acasalar,4
1286,3540,sede, aditivo,4
1287,3541,sede, alumínio,4
1288,3542,sede, aminar,4
1289,3543,sede, amônio,4
1290,3544,sede, andrológico,4
1291,3545,sede, ataque,4
1292,3546,sede, açúcar,4
1293,3547,sede, bacteriano,4
1294,3548,sede, berne,4
1295,3549,sede, bicarbonato,4
1296,3550,sede, bicheira,4
1297,3551,sede, casco,4
1298,3552,sede, caule,4
1299,3553,sede, cavalo,4
1300,3554,sede, clonagem,4
1301,3555,sede, cobalto,4
1302,3556,sede, cobre,4
1303,3557,sede, colher,4
1304,3558,sede, confinar,4
1305,3559,sede, cor,4
1306,3560,sede, cítrico,4
1307,3561,sede, demorar,4
1308,3562,sede, desidratação,4
1309,3563,sede, doador,4
1310,3564,sede, doméstico,4
1311,3565,sede, efluente,4
1312,3566,sede, enfermidade,4
1313,3567,sede, enzima,4
1314,3568,sede, equino,4
1315,3569,sede, ereto,4
1316,3570,sede, escuro,4
1317,3571,sede, estolão,4
1318,3572,sede, fabricante,4
1319,3573,sede, fenação,4
1320,3574,sede, feto,4
1321,3575,sede, financeiro,4
1322,3576,sede, frio,4
1323,3577,sede, fungo,4
1324,3578,sede, gesso,4
1325,3579,sede, gêmeo,4
1326,3580,sede, gênero,4
1327,3581,sede, herbicida,4
1328,3582,sede, herdar,4
1329,3583,sede, homeopatia,4
1330,3584,sede, homeopático,4
1331,3585,sede, híbrido,4
1332,3586,sede, implantar,4
1333,3587,sede, imunidade,4
1334,3588,sede, imunoglobulina,4
1335,3589,sede, indesejável,4
1336,3590,sede, inflamatório,4
1337,3591,sede, inflamação,4
1338,3592,sede, intestino,4
1339,3593,sede, intramamária,4
1340,3594,sede, isolamento,4
1341,3595,sede, lateral,4
1342,3596,sede, limpar,4
1343,3597,sede, maternidade,4
1344,3598,sede, medir,4
1345,3599,sede, molécular,4
1346,3600,sede, motivo,4
1347,3601,sede, ordenhador,4
1348,3602,sede, ovulação,4
1349,3603,sede, ovário,4
1350,3604,sede, patógeno,4
1351,3605,sede, placa,4
1352,3606,sede, progênie,4
1353,3607,sede, proliferação,4
1354,3608,sede, proporção,4
1355,3609,sede, reação,4
1356,3610,sede, regime,4
1357,3611,sede, ressemeadura,4
1358,3612,sede, ruziziensil,4
1359,3613,sede, sabor,4
1360,3614,sede, secar,4
1361,3615,sede, sementes,4
1362,3616,sede, sombrear,4
1363,3617,sede, sucedâneo,4
1364,3618,sede, sulco,4
1365,3619,sede, série,4
1366,3620,sede, tanque,4
1367,3621,sede, tecido,4
1368,3622,sede, testículo,4
1369,3623,sede, tolerância,4
1370,3624,sede, transmissão,4
1371,3625,sede, treinamento,4
1372,3626,sede, unidade,4
1373,3627,sede, utensílio,4
1374,3628,sede, variação,4
1375,3629,sede, velho,4
1376,3630,sede, ventilar,4
1377,3631,sede, vento,4
1378,3632,sede, úmido,4
1379,3634,silo, forragem,4
1380,3635,gestação, bom,4
1381,3638,gestação, novilho,4
1382,3639,secar, parto,4
1383,3643,nitrogênio, material,4
1384,3644,nitrogênio, orgânico,4
1386,3648,identificar, bom,4
1387,3651,cuidado, vaca,4
1388,3653,regime, bom,4
1389,3654,rasteira, planta,4
1391,3656,pesagem, animal,4
1392,3657,máximo, base,4
1393,3658,máximo, bovino,4
1394,3659,máximo, braquiária,4
1395,3660,máximo, capim,4
1396,3661,máximo, cobrir,4
1397,3662,máximo, cocho,4
1398,3663,máximo, compactação,4
1399,3664,máximo, corporal,4
1400,3665,máximo, doença,4
1401,3666,máximo, filho,4
1402,3667,máximo, forrageiro,4
1403,3668,máximo, gestação,4
1404,3669,máximo, gir,4
1405,3670,máximo, holandês,4
1406,3671,máximo, maneira,4
1407,3672,máximo, medida,4
1408,3673,máximo, nutriente,4
1409,3674,máximo, população,4
1410,3675,máximo, rebanhar,4
1411,3676,máximo, risco,4
1412,3677,máximo, rotativo,4
1413,3678,máximo, seco,4
1414,3679,máximo, silo,4
1415,3680,máximo, temperatura,4
1416,3681,máximo, teor,4
1417,3683,presença, animal,4
1418,3684,presença, chifre,4
1419,3696,vegetativo, bom,4
1420,3700,puro, genético,4
1421,3703,óxido, bicarbonato,4
1422,3704,óxido, dieta,4
1424,3708,oócito, embrião,4
1425,3709,lactente, bezerro,4
1426,3710,intestino, proteína,4
1427,3715,consumidor, água,4
1428,3716,método, semente,4
1429,3718,somático, parto,4
1430,3721,garantir, animais,4
1431,3723,garantir, parto,4
1432,3733,bezerro, volumoso,4
1433,3738,bezerra, agente,4
1434,3739,bezerra, desaleitamento,4
1435,3740,bezerra, holandês,4
1436,3741,bezerra, meio,4
1437,3742,bezerra, mestiço,4
1438,3743,bezerra, médio,4
1439,3744,bezerra, natural,4
1440,3745,bezerra, ração,4
1441,3746,bezerra, seco,4
1442,3747,bezerra, volumoso,4
1443,3749,gir, genético,4
1444,3751,parir, vaca,4
1445,3752,sanitário, vaca,4
1446,3753,pico, silo,3
1447,3755,conservante, silo,3
1448,3756,reprodutor, genético,3
1449,3757,reprodutor, monta,3
1450,3758,reprodutor, vaca,3
1451,3759,verão, grande,3
1452,3763,mamário, agente,3
1453,3764,mamário, antibiótico,3
1454,3765,mamário, bom,3
1455,3766,mamário, grande,3
1456,3767,mamário, imunológico,3
1457,3768,mamário, mineral,3
1458,3769,mamário, mãe,3
1459,3770,mamário, pequeno,3
1460,3773,fermentação, silo,3
1461,3774,mamária, agente,3
1462,3775,mamária, antibiótico,3
1463,3776,mamária, bom,3
1464,3777,mamária, grande,3
1465,3778,mamária, imunológico,3
1466,3779,mamária, mineral,3
1467,3780,mamária, mãe,3
1468,3781,mamária, pequeno,3
1469,3782,mamária, tecido,3
1470,3783,abomaso, vaca,3
1471,3784,leguminosa, arbusto,3
1472,3785,leguminosa, forrageira,3
1473,3786,leguminosa, forragem,3
1474,3787,leguminosa, planta,3
1475,3788,leguminosa, tropical,3
1476,3789,leguminosa, árvore,3
1477,3790,minerais, alimento,3
1478,3791,minerais, alto,3
1479,3792,minerais, gordura,3
1480,3793,minerais, imunológico,3
1481,3794,minerais, potássio,3
1482,3795,minerais, rebanho,3
1483,3796,minerais, reprodutivo,3
1484,3797,minerais, suplemento,3
1485,3798,minerais, óxido,3
1486,3800,leguminoso, forragem,3
1487,3802,leguminoso, tropical,3
1488,3803,leguminoso, árvore,3
1489,3804,calagem, base,3
1490,3805,calagem, forrageira,3
1491,3807,calagem, natural,3
1492,3810,touceira, bom,3
1493,3811,térmico, eficiente,3
1494,3813,térmico, temperatura,3
1495,3814,motivo, vaca,3
1496,3816,piquete, bom,3
1497,3817,piquete, cerca,3
1498,3821,vegetal, bom,3
1499,3823,vegetal, pastagem,3
1500,3824,crioscopia, lactação,3
1501,3825,crioscopia, parto,3
1502,3826,crioscopia, raça,3
1503,3827,crioscopia, sexo,3
1504,3828,térmica, eficiente,3
1505,3829,térmica, grande,3
1506,3830,térmica, temperatura,3
1507,3831,desfolha, pastagem,3
1508,3833,espermatozoide, macho,3
1509,3834,tamponante, bicarbonato,3
1510,3835,tamponante, ruminal,3
1511,3836,tamponante, vaca,3
1512,3837,sexo, gêmeo,3
1513,3838,sexo, vaca,3
1514,3840,fisiológico, vaca,3
1516,3842,bula, carrapaticida,3
1517,3843,absorvível, animal,3
1518,3844,absorvível, proteína,3
1519,3845,febre, alto,3
1520,3847,febre, perda,3
1521,3853,doença, gênerar,3
1522,3858,doença, pequeno,3
1523,3861,biológico, gramínea,3
1524,3862,biológico, tratamento,3
1525,3863,tolerância, brachiaria,3
1526,3864,tolerância, grande,3
1527,3865,tolerância, holandês,3
1528,3866,tolerância, solo,3
1529,3867,afetar, infecção,3
1530,3868,afetar, lactação,3
1531,3869,afetar, mamário,3
1532,3872,mineral, alto,3
1533,3873,mineral, gordura,3
1534,3874,mineral, imunológico,3
1535,3880,rufião, grande,3
1536,3881,rufião, vaca,3
1537,3882,cérvix, parto,3
1538,3883,proporção, lote,3
1539,3884,variação, acasalamento,3
1540,3885,variação, concentração,3
1541,3886,variação, célula,3
1542,3887,variação, elevar,3
1543,3888,variação, grande,3
1544,3889,variação, lactação,3
1545,3890,variação, medida,3
1546,3891,variação, médio,3
1547,3892,variação, proteína,3
1548,3893,variação, seco,3
1549,3894,variação, somático,3
1550,3895,manteiga, gordura,3
1551,3897,ordenha, auxiliar,3
1552,3898,ordenha, limpo,3
1553,3902,ordenha, utensílio,3
1554,3903,ordenha, via,3
1555,3904,cru, técnico,3
1556,3909,esterco, água,3
1557,3913,pele, concentrar,3
1558,3914,pele, grande,3
1559,3915,pele, população,3
1560,3916,pele, raça,3
1561,3917,pele, ração,3
1562,3918,pele, seco,3
1563,3919,pele, solo,3
1564,3920,sabor, enzima,3
1565,3921,cirúrgico, testículo,3
1566,3922,prolapso, parto,3
1567,3923,aditivo, bicarbonato,3
1568,3925,tomada, planejamento,3
1569,3926,treinamento, mão,3
1570,3927,treinamento, obra,3
1571,3928,potássio, cobre,3
1572,3929,potássio, manganês,3
1573,3930,potássio, nitrogênio,3
1574,3931,bernes, espécie,3
1575,3932,caixa, cair,3
1576,3933,caixa, térmico,3
1577,3934,aureus, agalactiae,3
1579,3936,aureus, contagioso,3
1580,3937,híbrido, cruzamento,3
1581,3938,infestação, animal,3
1582,3939,infestação, pequeno,3
1583,3940,armazenamento, concentrar,3
1584,3941,armazenamento, mineral,3
1585,3944,estresse, corporal,3
1586,3945,estresse, fator,3
1587,3946,estresse, metabólico,3
1588,3947,estresse, quente,3
1589,3948,estresse, sistema,3
1590,3949,estresse, temperatura,3
1591,3951,estreptococo, coliforme,3
1592,3952,parteiro, concentrado,3
1593,3953,parteiro, fase,3
1594,3954,parteiro, gestação,3
1595,3955,parteiro, gordura,3
1596,3956,parteiro, lactação,3
1597,3957,parteiro, médio,3
1598,3958,parteiro, novilho,3
1600,3960,parteiro, pelar,3
1601,3961,parteiro, principal,3
1602,3962,parteiro, proteína,3
1603,3963,parteiro, raça,3
1604,3964,parteiro, rebanho,3
1605,3965,parteiro, teto,3
1606,3968,gestante, bezerro,3
1607,3970,gestante, vacar,3
1608,3973,concentrado, chuva,3
1609,3974,concentrado, comer,3
1610,3975,concentrado, desmame,3
1611,3976,concentrado, elevar,3
1612,3977,concentrado, forragem,3
1613,3979,concentrado, leiteiro,3
1614,3980,concentrado, novilho,3
1615,3981,concentrado, pastejo,3
1616,3982,concentrado, rotativo,3
1617,3983,concentrado, ruminal,3
1618,3984,concentrado, tamponante,3
1619,3985,pivô, aspersor,3
1620,3988,gênero, associação,3
1621,3989,gênero, doença,3
1622,3991,anaeróbia, lagoa,3
1623,3992,geada, solo,3
1624,3993,pressãar, aspersor,3
1625,3994,medida, bactéria,3
1626,3995,medida, bezerro,3
1627,3996,medida, bom,3
1628,3997,medida, parto,3
1629,4001,antibiose, brachiaria,3
1631,4003,tostar, vaca,3
1632,4005,pus, presença,3
1633,4011,corporal, fase,3
1634,4014,corporal, parir,3
1635,4018,irrigação, água,3
1636,4019,ácido, fosfato,3
1637,4020,ácido, meio,3
1638,4021,ácido, solo,3
1639,4024,esperar, heterose,3
1640,4025,célula, corpo,3
1641,4026,célula, inflamatório,3
1642,4028,célula, proteína,3
1643,4029,célula, vaca,3
1644,4033,químico, sistema,3
1645,4034,digestão, alimento,3
1646,4035,digestão, bactéria,3
1647,4036,digestão, fase,3
1648,4037,digestão, proteína,3
1649,4038,guzerá, aptidão,3
1650,4039,guzerá, bom,3
1651,4040,guzerá, genético,3
1652,4045,obra, pastagem,3
1653,4047,obtençãar, animal,3
1654,4048,osso, fósforo,3
1655,4055,colhedeira, plantio,3
1657,4057,pilha, compostagem,3
1658,4059,fibra, dieta,3
1659,4060,fibra, leiteiro,3
1660,4062,acetonemia, vaca,3
1661,4064,fácil, solo,3
1662,4066,elevar, ar,3
1663,4067,elevar, base,3
1664,4071,elevar, pequeno,3
1665,4074,elevar, tropical,3
1666,4075,arenoso, solo,3
1667,4076,farinha, fósforo,3
1668,4078,principal, cuidado,3
1669,4080,principal, pastagem,3
1670,4081,principal, pequeno,3
1671,4082,principal, rebanho,3
1672,4085,principal, temperatura,3
1673,4088,pastejo, avear,3
1674,4089,pastejo, brachiaria,3
1675,4091,pastejo, cobertura,3
1676,4093,pastejo, pequeno,3
1677,4095,pastejo, presença,3
1678,4099,pelagem, animal,3
1679,4100,pelagem, concentrar,3
1680,4101,pelagem, população,3
1681,4102,pelagem, raça,3
1682,4103,pelagem, ração,3
1683,4104,pelagem, seco,3
1684,4105,pelagem, solo,3
1685,4106,sementes, aveia,3
1686,4107,sementes, invasor,3
1687,4108,sementes, leguminoso,3
1688,4109,sementes, planta,3
1689,4110,sementes, plântula,3
1690,4111,sementes, semear,3
1691,4113,hábito, pastejo,3
1692,4115,arbusto, sistema,3
1693,4116,arbusto, árvore,3
1694,4117,humificação, fase,3
1695,4119,fêmea, bezerro,3
1696,4121,fêmea, estéril,3
1697,4122,fêmea, filho,3
1698,4123,fêmea, leiteiro,3
1699,4124,fêmea, vitro,3
1700,4125,bovino, alto,3
1701,4126,bovino, base,3
1702,4129,bovino, eficiente,3
1703,4130,bovino, equino,3
1704,4134,bovino, humano,3
1705,4135,bovino, ovino,3
1706,4139,ereto, bom,3
1707,4141,interferir, animal,3
1708,4151,teor, fósforo,3
1709,4152,herbicida, plantio,3
1710,4153,uterino, parto,3
1711,4155,físico, bom,3
1712,4156,físico, brachiaria,3
1713,4157,físico, sistema,3
1714,4158,físico, vaca,3
1715,4160,unidade, brachiaria,3
1716,4161,monta, animal,3
1717,4163,libido, bom,3
1718,4164,albumina, globulina,3
1719,4165,albumina, gordura,3
1720,4166,albumina, proteína,3
1721,4167,dactylon, brachiaria,3
1722,4169,dactylon, nlemfuensis,3
1724,4171,efeito, bom,3
1725,4172,efeito, mestiço,3
1726,4175,vermelhinho, micuim,3
1727,4176,utensílio, bezerro,3
1728,4177,cigarra, inseto,3
1729,4178,cigarra, pastagem,3
1730,4180,cigarra, planta,3
1731,4181,sofrimento, vaca,3
1732,4183,heterose, bom,3
1733,4184,heterose, filho,3
1734,4186,heterose, pequeno,3
1735,4190,meio, embrião,3
1736,4191,meio, fosfato,3
1737,4192,meio, garantir,3
1738,4193,meio, gradagem,3
1739,4195,meio, método,3
1740,4196,meio, pequeno,3
1741,4197,meio, placa,3
1742,4198,meio, plantio,3
1743,4199,meio, puro,3
1744,4202,concentração, cocho,3
1745,4203,concentração, comer,3
1747,4205,concentração, fase,3
1748,4206,concentração, forrageira,3
1749,4207,concentração, intoxicação,3
1750,4208,concentração, lactação,3
1751,4209,concentração, magnésio,3
1752,4210,concentração, parto,3
1753,4211,concentração, pasto,3
1754,4213,drenagem, mal,3
1755,4214,drenagem, terreno,3
1756,4216,teto, lote,3
1757,4218,trator, antibiótico,3
1758,4219,trator, lactação,3
1759,4220,trator, ordenha,3
1760,4221,trator, parto,3
1761,4222,trator, pastejo,3
1762,4223,trator, sintoma,3
1763,4224,trator, técnico,3
1764,4225,germinação, forrageira,3
1765,4226,germinação, semeadura,3
1766,4227,carbonato, água,3
1767,4228,imunidade, bezerro,3
1768,4229,resistente, raça,3
1769,4230,cobrir, parto,3
1770,4232,lençol, orgânico,3
1771,4235,solo, ar,3
1772,4242,solo, luz,3
1773,4244,solo, modo,3
1774,4247,solo, ovo,3
1775,4249,solo, radiação,3
1776,4250,solo, raio,3
1777,4251,solo, resíduo,3
1778,4252,solo, rotativo,3
1779,4253,solo, seco,3
1780,4255,solo, tolerante,3
1781,4256,solo, tropical,3
1782,4257,solo, vento,3
1783,4259,digerir, fibra,3
1784,4260,digerir, proteína,3
1785,4263,material, compactação,3
1786,4264,material, esterco,3
1787,4266,material, organismo,3
1788,4267,material, tanque,3
1789,4269,lagoa, grande,3
1790,4270,bovina, alto,3
1791,4271,bovina, base,3
1792,4272,bovina, bovil,3
1793,4273,bovina, brachiaria,3
1794,4274,bovina, cavalo,3
1795,4275,bovina, eficiente,3
1796,4276,bovina, equino,3
1797,4277,bovina, estresse,3
1798,4278,bovina, forrageira,3
1799,4279,bovina, grande,3
1800,4280,bovina, humano,3
1801,4281,bovina, ovino,3
1802,4282,bovina, pastagem,3
1803,4283,bovina, samambaia,3
1804,4284,bovina, sistema,3
1805,4285,bovina, tratamento,3
1806,4286,bovina, água,3
1807,4287,mãe, animal,3
1808,4288,mãe, filho,3
1809,4290,mãe, vaca,3
1810,4291,energético, gordura,3
1811,4292,energético, pequeno,3
1812,4293,baixo, alto,3
1813,4296,baixo, doença,3
1814,4297,baixo, genético,3
1815,4300,baixo, pequeno,3
1816,4302,baixo, principal,3
1817,4306,mão, pastagem,3
1818,4309,mosca, meio,3
1819,4310,mosca, proliferação,3
1820,4311,adubar, brachiaria,3
1821,4317,perder, gordura,3
1822,4319,dor, animal,3
1823,4320,agilidade, bom,3
1824,4321,agilidade, medicamento,3
1825,4323,monórquidos, testículo,3
1826,4325,picar, silo,3
1827,4327,mau, vaca,3
1828,4333,ataque, brachiaria,3
1829,4335,fenação, bom,3
1830,4338,descartar, genético,3
1831,4341,silagem, hectare,3
1832,4342,silagem, pequeno,3
1833,4344,silagem, seca,3
1834,4348,zootécnico, vaca,3
1835,4352,pelar, raça,3
1836,4353,pelar, ração,3
1837,4355,pelar, solo,3
1838,4356,microbiológico, bom,3
1839,4357,capim, natural,3
1840,4359,descendente, genético,3
1841,4360,descendente, ordenha,3
1842,4361,descendente, raça,3
1843,4362,descendente, vaca,3
1844,4365,praga, natural,3
1845,4366,praga, pastagem,3
1846,4368,desinfetar, teto,3
1847,4369,adubo, brachiaria,3
1848,4370,adubo, concentrado,3
1849,4373,desaleitar, bezerro,3
1850,4374,prenhe, vaca,3
1851,4376,isolamento, animal,3
1852,4377,forrageiro, brachiaria,3
1853,4380,forrageiro, seco,3
1854,4381,forrageiro, solo,3
1855,4382,raspagem, concreto,3
1856,4383,raspagem, esterco,3
1858,4385,compactação, forragem,3
1859,4387,ordenhador, mão,3
1860,4388,ordenhador, raça,3
1861,4392,forrageira, capineiro,3
1862,4393,forrageira, cobertura,3
1863,4398,forrageira, densidade,3
1864,4404,forrageira, nlemfuensis,3
1865,4406,forrageira, parte,3
1866,4407,forrageira, preparar,3
1867,4409,forrageira, superpastejo,3
1868,4414,abrigo, animal,3
1869,4416,taxa, fértil,3
1870,4417,taxa, gestação,3
1871,4418,taxa, hectare,3
1872,4422,taxa, piquete,3
1873,4424,taxa, semeadura,3
1874,4426,portador, testículo,3
1875,4430,animal, auxiliar,3
1876,4435,animal, cobertura,3
1877,4441,animal, efluente,3
1878,4442,animal, exame,3
1879,4449,animal, gene,3
1880,4453,animal, hectare,3
1881,4456,animal, madeira,3
1882,4458,animal, metabólico,3
1883,4460,animal, método,3
1884,4461,animal, nitrogênio,3
1885,4467,animal, silo,3
1886,4469,animal, sol,3
1887,4473,animal, substância,3
1888,4476,animal, vitamina,3
1889,4477,animal, volumoso,3
1890,4479,ressemeadura, pasto,3
1891,4480,temperatura, alta,3
1892,4482,temperatura, eficiente,3
1893,4483,temperatura, pequeno,3
1894,4486,temperatura, tropical,3
1895,4487,aveia, cultura,3
1896,4488,aveia, presença,3
1897,4489,aveia, vaca,3
1898,4491,planta, brachiaria,3
1899,4492,planta, capim,3
1900,4493,planta, cultura,3
1901,4494,planta, fósforo,3
1902,4496,planta, natural,3
1903,4498,planta, nutritivo,3
1904,4499,planta, parte,3
1905,4503,planta, semente,3
1906,4504,planta, técnico,3
1907,4505,pressão, aspersor,3
1908,4506,pressão, sistema,3
1909,4509,decumbem, panicum,3
1910,4515,médio, fêmea,3
1911,4520,médio, vitamina,3
1912,4521,médio, volumoso,3
1913,4523,patógeno, orgânico,3
1914,4524,lateral, abrigo,3
1915,4525,lateral, bom,3
1916,4526,criopreservação, lactação,3
1917,4527,criopreservação, parto,3
1918,4528,criopreservação, raça,3
1919,4529,criopreservação, sexo,3
1920,4530,criopreservação, sistema,3
1921,4531,pasteurizado, cru,3
1922,4532,ventilação, animal,3
1923,4535,suplementar, seca,3
1924,4537,solúvel, orgânico,3
1925,4539,sombrite, bom,3
1926,4540,basar, seco,3
1927,4541,infertilidade, lote,3
1928,4543,grande, acasalamento,3
1929,4545,grande, brachiaria,3
1930,4549,grande, esperar,3
1931,4552,grande, lote,3
1932,4554,grande, maneira,3
1933,4555,grande, molécular,3
1934,4564,grande, puro,3
1935,4566,grande, rasteiro,3
1936,4572,artificial, animal,3
1937,4575,artificial, natural,3
1938,4580,parasita, orgânico,3
1939,4582,fertirrigação, tanque,3
1940,4583,sintoma, bactéria,3
1941,4586,sintoma, medicamento,3
1942,4587,sintoma, perda,3
1944,4589,base, bom,3
1945,4592,chuva, mineral,3
1946,4594,chuva, rotativo,3
1947,4597,sistema, aspersor,3
1948,4605,sistema, forragem,3
1949,4606,sistema, garantir,3
1950,4608,sistema, heterose,3
1951,4609,sistema, leiteiro,3
1952,4612,sistema, tricros,3
1953,4613,sistema, técnico,3
1954,4616,lote, bezerro,3
1955,4617,berne, espécie,3
1956,4623,vacina, bactéria,3
1958,4629,panicum, nlemfuensis,3
1960,4631,combate, espécie,3
1961,4632,insumo, animais,3
1962,4633,dieta, baixo,3
1963,4636,dieta, gordura,3
1964,4637,dieta, leiteiro,3
1965,4639,dieta, nitrogênio,3
1966,4640,dieta, solo,3
1967,4645,cultura, placa,3
1968,4647,cultura, tratamento,3
1969,4649,entrada, ar,3
1970,4650,entrada, silo,3
1971,4652,associação, rebanho,3
1972,4653,associação, vaca,3
1973,4654,reter, filho,3
1974,4656,quente, método,3
1975,4657,quente, pastagem,3
1976,4662,calor, grande,3
1977,4663,calor, holandês,3
1978,4664,captura, mosca,3
1979,4665,implantar, orgânico,3
1980,4666,picada, bom,3
1981,4667,picada, silagem,3
1982,4668,picada, silo,3
1983,4669,picada, volumoso,3
1984,4672,braquiária, plantio,3
1985,4673,braquiária, ácidos,3
1986,4674,seiva, inseto,3
1987,4675,sanguíneo, corrente,3
1988,4676,protozoário, bactéria,3
1989,4677,examinar, animal,3
1990,4678,inseminador, artificial,3
1991,4679,inseminador, parto,3
1992,4681,fosfato, bicálcico,3
1993,4683,fosfato, magnésio,3
1994,4684,fosfato, pastagem,3
1995,4685,fosfato, plantio,3
1996,4687,maximização, alimento,3
1997,4688,maximização, vaca,3
1998,4689,cisteína, enxofre,3
1999,4690,perfilhamento, solo,3
2000,4691,molécular, base,3
2001,4692,via, testículo,3
2002,4693,comercial, medicamento,3
2003,4697,glândula, bom,3
2004,4698,glândula, imunológico,3
2005,4699,glândula, inflamação,3
2006,4700,glândula, lactação,3
2007,4701,glândula, medicamento,3
2008,4702,glândula, ordenha,3
2009,4704,glândula, vaca,3
2010,4707,partícula, concentrado,3
2011,4708,partícula, fase,3
2012,4709,partícula, gestação,3
2013,4710,partícula, lactação,3
2014,4711,partícula, médio,3
2015,4712,partícula, novilho,3
2016,4713,partícula, parto,3
2017,4714,partícula, pelar,3
2018,4715,partícula, principal,3
2019,4716,partícula, proteína,3
2020,4717,partícula, raça,3
2021,4718,partícula, rebanho,3
2022,4719,partícula, teto,3
2023,4721,reprodutivo, mestiço,3
2024,4725,cloro, cobre,3
2025,4726,cloro, fósforo,3
2026,4727,cloro, magnésio,3
2027,4728,cloro, manganês,3
2028,4729,manual, esterco,3
2029,4730,agudo, animal,3
2030,4731,agudo, infecção,3
2031,4735,fase, gestação,3
2032,4740,infecção, bactéria,3
2033,4741,infecção, clínico,3
2034,4742,infecção, desinfecção,3
2035,4746,infecção, intramamária,3
2036,4747,infecção, pequeno,3
2037,4748,infecção, perda,3
2038,4752,infestações, animal,3
2039,4753,infestações, pequeno,3
2040,4754,levedura, bezerro,3
2041,4755,levedura, instalação,3
2042,4756,levedura, sistema,3
2043,4757,lácteo, sabor,3
2044,4760,população, aproveitamento,3
2045,4762,população, nitrogênio,3
2046,4763,população, pastagem,3
2047,4765,população, pequeno,3
2048,4766,subtropical, pequeno,3
2049,4767,recomendação, animais,3
2050,4768,recomendação, antibiótico,3
2051,4769,recomendação, bebedouro,3
2052,4770,recomendação, brachiaria,3
2053,4771,recomendação, cobrir,3
2054,4772,recomendação, concentração,3
2055,4773,recomendação, medida,3
2056,4774,recomendação, médico,3
2057,4775,recomendação, nutriente,3
2058,4776,recomendação, pasto,3
2059,4777,recomendação, procedimento,3
2060,4778,recomendação, semente,3
2061,4779,recomendação, silagem,3
2062,4780,recomendação, silo,3
2063,4781,recomendação, volumoso,3
2064,4783,pasto, alto,3
2065,4788,pasto, fator,3
2066,4791,pasto, mineral,3
2067,4794,pasto, novilho,3
2068,4796,pasto, samambaia,3
2069,4797,pasto, seco,3
2070,4798,pasto, solo,3
2071,4800,lactose, vaca,3
2072,4801,exigência, proteína,3
2073,4803,água, bezerro,3
2074,4806,água, corporal,3
2075,4809,água, perder,3
2076,4812,água, resíduo,3
2077,4817,água, suficiente,3
2078,4818,pasta, animal,3
2079,4819,molecular, base,3
2080,4821,molecular, genético,3
2081,4822,espécies, adulto,3
2082,4823,espécies, agente,3
2083,4824,espécies, arbóreo,3
2084,4825,espécies, ataque,3
2085,4826,espécies, cromossomo,3
2086,4827,espécies, doméstico,3
2087,4828,espécies, elevar,3
2088,4829,espécies, genético,3
2089,4830,espécies, luminosidade,3
2090,4831,espécies, naturalizar,3
2091,4832,espécies, nutricional,3
2092,4833,espécies, nutritivo,3
2093,4834,espécies, organismo,3
2094,4835,espécies, plantio,3
2095,4836,espécies, proteína,3
2096,4837,espécies, superpastejo,3
2097,4838,espécies, técnico,3
2098,4839,espécies, vegetal,3
2099,4842,ração, nutriente,3
2100,4843,ração, proteína,3
2101,4844,purpureum, brachiaria,3
2102,4845,purpureum, panicum,3
2104,4848,risco, pastagem,3
2105,4852,lactação, forragem,3
2106,4853,lactação, fêmea,3
2107,4855,lactação, gestação,3
2108,4860,lactação, novilho,3
2109,4862,lactação, secar,3
2110,4864,molécula, base,3
2111,4866,tóxico, solo,3
2112,4867,cocho, bom,3
2113,4871,contaminação, doença,3
2114,4872,contaminação, humano,3
2115,4874,contaminação, orgânico,3
2116,4875,contaminação, pastagem,3
2117,4876,contaminação, teto,3
2118,4881,alimento, entrar,3
2119,4882,alimento, exigência,3
2120,4884,alimento, forrageira,3
2121,4885,alimento, fósforo,3
2122,4886,alimento, gordura,3
2123,4887,alimento, leiteiro,3
2124,4888,alimento, médio,3
2125,4889,alimento, parto,3
2126,4891,alimento, perda,3
2127,4893,alimento, puro,3
2128,4894,alimento, rebanho,3
2129,4895,alimento, seca,3
2130,4896,alimento, seco,3
2131,4898,estolonífera, plantio,3
2132,4899,diarreia, alto,3
2133,4900,diarreia, animal,3
2134,4901,diarreia, bovino,3
2135,4902,diarreia, diarrear,3
2136,4903,diarreia, febre,3
2137,4905,desaleitamento, desaleitar,3
2138,4906,desaleitamento, médio,3
2139,4907,portadora, testículo,3
2140,4908,genoma, base,3
2141,4909,genoma, bovino,3
2142,4910,genoma, genético,3
2143,4913,organismo, genético,3
2144,4914,organismo, medicamento,3
2145,4915,organismo, transgênico,3
2146,4916,acesso, animais,3
2147,4917,acesso, bebedouro,3
2148,4918,acesso, bezerro,3
2149,4919,modo, bom,3
2150,4920,modo, genético,3
2151,4921,modo, grande,3
2152,4922,modo, pastagem,3
2153,4923,oferecer, alimento,3
2154,4924,oferecer, água,3
2155,4925,administração, dieta,3
2156,4930,concentrar, forrageira,3
2157,4933,sequenciamento, base,3
2158,4935,invasor, semente,3
2159,4938,quarto, lactação,3
2160,4939,quarto, medicamento,3
2161,4942,terreno, grande,3
2162,4944,rebanhar, bezerro,3
2163,4945,rebanhar, lactação,3
2164,4947,rebanhar, novilho,3
2165,4949,espécie, adulto,3
2166,4951,espécie, arbóreo,3
2167,4953,espécie, cromossomo,3
2168,4954,espécie, doméstico,3
2169,4955,espécie, elevar,3
2170,4957,espécie, luminosidade,3
2171,4959,espécie, nutricional,3
2172,4960,espécie, nutritivo,3
2173,4961,espécie, organismo,3
2174,4962,espécie, plantio,3
2175,4963,espécie, proteína,3
2176,4966,espécie, vegetal,3
2177,4968,acasalar, chifre,3
2178,4969,topografia, bom,3
2179,4970,topografia, pastagem,3
2180,4971,instalação, abrigo,3
2181,4972,instalação, bovino,3
2182,4974,instalação, esterco,3
2183,4975,instalação, garantir,3
2184,4976,instalação, limpo,3
2185,4977,instalação, maneira,3
2186,4979,instalação, pastagem,3
2187,4981,instalação, pequeno,3
2188,4983,instalação, tanque,3
2189,4984,instalação, água,3
2190,4986,ingrediente, lactação,3
2191,4989,gramínea, fósforo,3
2192,4990,mecanismo, brachiaria,3
2193,4991,objetivo, bezerro,3
2194,4992,objetivo, bom,3
2195,4993,objetivo, espécie,3
2196,4994,objetivo, maneira,3
2197,4995,objetivo, rebanho,3
2198,4997,armazenagem, mineral,3
2199,4999,consumir, silo,3
